Fitter report for pipeline
Tue Nov 05 20:02:11 2024
Quartus Prime Version 20.1.0 Build 711 06/05/2020 SJ Lite Edition


---------------------
; Table of Contents ;
---------------------
  1. Legal Notice
  2. Fitter Summary
  3. Fitter Settings
  4. Parallel Compilation
  5. Fitter Netlist Optimizations
  6. Incremental Compilation Preservation Summary
  7. Incremental Compilation Partition Settings
  8. Incremental Compilation Placement Preservation
  9. Pin-Out File
 10. Fitter Resource Usage Summary
 11. Fitter Partition Statistics
 12. Input Pins
 13. Output Pins
 14. I/O Bank Usage
 15. All Package Pins
 16. I/O Assignment Warnings
 17. Fitter Resource Utilization by Entity
 18. Delay Chain Summary
 19. Pad To Core Delay Chain Fanout
 20. Control Signals
 21. Global & Other Fast Signals
 22. Routing Usage Summary
 23. I/O Rules Summary
 24. I/O Rules Details
 25. I/O Rules Matrix
 26. Fitter Device Options
 27. Operating Settings and Conditions
 28. Fitter Messages
 29. Fitter Suppressed Messages



----------------
; Legal Notice ;
----------------
Copyright (C) 2020  Intel Corporation. All rights reserved.
Your use of Intel Corporation's design tools, logic functions 
and other software and tools, and any partner logic 
functions, and any output files from any of the foregoing 
(including device programming or simulation files), and any 
associated documentation or information are expressly subject 
to the terms and conditions of the Intel Program License 
Subscription Agreement, the Intel Quartus Prime License Agreement,
the Intel FPGA IP License Agreement, or other applicable license
agreement, including, without limitation, that your use is for
the sole purpose of programming logic devices manufactured by
Intel and sold by Intel or its authorized distributors.  Please
refer to the applicable agreement for further details, at
https://fpgasoftware.intel.com/eula.



+-------------------------------------------------------------------------------+
; Fitter Summary                                                                ;
+---------------------------------+---------------------------------------------+
; Fitter Status                   ; Successful - Tue Nov 05 20:02:11 2024       ;
; Quartus Prime Version           ; 20.1.0 Build 711 06/05/2020 SJ Lite Edition ;
; Revision Name                   ; pipeline                                    ;
; Top-level Entity Name           ; registros                                   ;
; Family                          ; Cyclone V                                   ;
; Device                          ; 5CGXFC7C7F23C8                              ;
; Timing Models                   ; Final                                       ;
; Logic utilization (in ALMs)     ; 347 / 56,480 ( < 1 % )                      ;
; Total registers                 ; 512                                         ;
; Total pins                      ; 143 / 268 ( 53 % )                          ;
; Total virtual pins              ; 0                                           ;
; Total block memory bits         ; 0 / 7,024,640 ( 0 % )                       ;
; Total RAM Blocks                ; 0 / 686 ( 0 % )                             ;
; Total DSP Blocks                ; 0 / 156 ( 0 % )                             ;
; Total HSSI RX PCSs              ; 0 / 6 ( 0 % )                               ;
; Total HSSI PMA RX Deserializers ; 0 / 6 ( 0 % )                               ;
; Total HSSI TX PCSs              ; 0 / 6 ( 0 % )                               ;
; Total HSSI PMA TX Serializers   ; 0 / 6 ( 0 % )                               ;
; Total PLLs                      ; 0 / 13 ( 0 % )                              ;
; Total DLLs                      ; 0 / 4 ( 0 % )                               ;
+---------------------------------+---------------------------------------------+


+----------------------------------------------------------------------------------------------------------------------------------------------------+
; Fitter Settings                                                                                                                                    ;
+--------------------------------------------------------------------+---------------------------------------+---------------------------------------+
; Option                                                             ; Setting                               ; Default Value                         ;
+--------------------------------------------------------------------+---------------------------------------+---------------------------------------+
; Device                                                             ; 5CGXFC7C7F23C8                        ;                                       ;
; Minimum Core Junction Temperature                                  ; 0                                     ;                                       ;
; Maximum Core Junction Temperature                                  ; 85                                    ;                                       ;
; Use smart compilation                                              ; Off                                   ; Off                                   ;
; Enable parallel Assembler and Timing Analyzer during compilation   ; On                                    ; On                                    ;
; Enable compact report table                                        ; Off                                   ; Off                                   ;
; Router Timing Optimization Level                                   ; Normal                                ; Normal                                ;
; Perform Clocking Topology Analysis During Routing                  ; Off                                   ; Off                                   ;
; Placement Effort Multiplier                                        ; 1.0                                   ; 1.0                                   ;
; Device initialization clock source                                 ; INIT_INTOSC                           ; INIT_INTOSC                           ;
; Optimize Hold Timing                                               ; All Paths                             ; All Paths                             ;
; Optimize Multi-Corner Timing                                       ; On                                    ; On                                    ;
; Auto RAM to MLAB Conversion                                        ; On                                    ; On                                    ;
; Equivalent RAM and MLAB Power Up                                   ; Auto                                  ; Auto                                  ;
; Equivalent RAM and MLAB Paused Read Capabilities                   ; Care                                  ; Care                                  ;
; Power Optimization During Fitting                                  ; Normal compilation                    ; Normal compilation                    ;
; SSN Optimization                                                   ; Off                                   ; Off                                   ;
; Optimize Timing                                                    ; Normal compilation                    ; Normal compilation                    ;
; Optimize Timing for ECOs                                           ; Off                                   ; Off                                   ;
; Regenerate Full Fit Report During ECO Compiles                     ; Off                                   ; Off                                   ;
; Optimize IOC Register Placement for Timing                         ; Normal                                ; Normal                                ;
; Final Placement Optimizations                                      ; Automatically                         ; Automatically                         ;
; Fitter Aggressive Routability Optimizations                        ; Automatically                         ; Automatically                         ;
; Fitter Initial Placement Seed                                      ; 1                                     ; 1                                     ;
; Periphery to Core Placement and Routing Optimization               ; Off                                   ; Off                                   ;
; Weak Pull-Up Resistor                                              ; Off                                   ; Off                                   ;
; Enable Bus-Hold Circuitry                                          ; Off                                   ; Off                                   ;
; Auto Packed Registers                                              ; Auto                                  ; Auto                                  ;
; Auto Delay Chains                                                  ; On                                    ; On                                    ;
; Auto Delay Chains for High Fanout Input Pins                       ; Off                                   ; Off                                   ;
; Treat Bidirectional Pin as Output Pin                              ; Off                                   ; Off                                   ;
; Perform Physical Synthesis for Combinational Logic for Fitting     ; Off                                   ; Off                                   ;
; Perform Physical Synthesis for Combinational Logic for Performance ; Off                                   ; Off                                   ;
; Perform Register Duplication for Performance                       ; Off                                   ; Off                                   ;
; Perform Register Retiming for Performance                          ; Off                                   ; Off                                   ;
; Perform Asynchronous Signal Pipelining                             ; Off                                   ; Off                                   ;
; Fitter Effort                                                      ; Auto Fit                              ; Auto Fit                              ;
; Physical Synthesis Effort Level                                    ; Normal                                ; Normal                                ;
; Logic Cell Insertion - Logic Duplication                           ; Auto                                  ; Auto                                  ;
; Auto Register Duplication                                          ; Auto                                  ; Auto                                  ;
; Auto Global Clock                                                  ; On                                    ; On                                    ;
; Auto Global Register Control Signals                               ; On                                    ; On                                    ;
; Reserve all unused pins                                            ; As input tri-stated with weak pull-up ; As input tri-stated with weak pull-up ;
; Synchronizer Identification                                        ; Auto                                  ; Auto                                  ;
; Enable Beneficial Skew Optimization                                ; On                                    ; On                                    ;
; Optimize Design for Metastability                                  ; On                                    ; On                                    ;
; Active Serial clock source                                         ; FREQ_100MHz                           ; FREQ_100MHz                           ;
; Force Fitter to Avoid Periphery Placement Warnings                 ; Off                                   ; Off                                   ;
; Clamping Diode                                                     ; Off                                   ; Off                                   ;
; Enable input tri-state on active configuration pins in user mode   ; Off                                   ; Off                                   ;
; Advanced Physical Optimization                                     ; On                                    ; On                                    ;
+--------------------------------------------------------------------+---------------------------------------+---------------------------------------+


+------------------------------------------+
; Parallel Compilation                     ;
+----------------------------+-------------+
; Processors                 ; Number      ;
+----------------------------+-------------+
; Number detected on machine ; 12          ;
; Maximum allowed            ; 10          ;
;                            ;             ;
; Average used               ; 1.04        ;
; Maximum used               ; 10          ;
;                            ;             ;
; Usage by Processor         ; % Time Used ;
;     Processor 1            ; 100.0%      ;
;     Processor 2            ;   0.5%      ;
;     Processor 3            ;   0.5%      ;
;     Processor 4            ;   0.4%      ;
;     Processor 5            ;   0.4%      ;
;     Processor 6            ;   0.4%      ;
;     Processor 7            ;   0.4%      ;
;     Processor 8            ;   0.4%      ;
;     Processor 9            ;   0.4%      ;
;     Processor 10           ;   0.4%      ;
+----------------------------+-------------+


+----------------------------------------------------------------------------------------------------------------------------------------------------------------+
; Fitter Netlist Optimizations                                                                                                                                   ;
+------------------+---------+-----------+----------------------------+-----------+----------------+------------------+------------------+-----------------------+
; Node             ; Action  ; Operation ; Reason                     ; Node Port ; Node Port Name ; Destination Node ; Destination Port ; Destination Port Name ;
+------------------+---------+-----------+----------------------------+-----------+----------------+------------------+------------------+-----------------------+
; clk~inputCLKENA0 ; Created ; Placement ; Fitter Periphery Placement ;           ;                ;                  ;                  ;                       ;
; rst~inputCLKENA0 ; Created ; Placement ; Fitter Periphery Placement ;           ;                ;                  ;                  ;                       ;
+------------------+---------+-----------+----------------------------+-----------+----------------+------------------+------------------+-----------------------+


+---------------------------------------------------------------------------------------------------+
; Incremental Compilation Preservation Summary                                                      ;
+---------------------+---------------------+----------------------------+--------------------------+
; Type                ; Total [A + B]       ; From Design Partitions [A] ; From Rapid Recompile [B] ;
+---------------------+---------------------+----------------------------+--------------------------+
; Placement (by node) ;                     ;                            ;                          ;
;     -- Requested    ; 0.00 % ( 0 / 1137 ) ; 0.00 % ( 0 / 1137 )        ; 0.00 % ( 0 / 1137 )      ;
;     -- Achieved     ; 0.00 % ( 0 / 1137 ) ; 0.00 % ( 0 / 1137 )        ; 0.00 % ( 0 / 1137 )      ;
;                     ;                     ;                            ;                          ;
; Routing (by net)    ;                     ;                            ;                          ;
;     -- Requested    ; 0.00 % ( 0 / 0 )    ; 0.00 % ( 0 / 0 )           ; 0.00 % ( 0 / 0 )         ;
;     -- Achieved     ; 0.00 % ( 0 / 0 )    ; 0.00 % ( 0 / 0 )           ; 0.00 % ( 0 / 0 )         ;
+---------------------+---------------------+----------------------------+--------------------------+


+----------------------------------------------------------------------------------------------------------------------------------------------------------------------------------------+
; Incremental Compilation Partition Settings                                                                                                                                             ;
+--------------------------------+----------------+-------------------+-------------------------+------------------------+------------------------------+--------------------------------+
; Partition Name                 ; Partition Type ; Netlist Type Used ; Preservation Level Used ; Netlist Type Requested ; Preservation Level Requested ; Contents                       ;
+--------------------------------+----------------+-------------------+-------------------------+------------------------+------------------------------+--------------------------------+
; Top                            ; User-created   ; Source File       ; N/A                     ; Source File            ; N/A                          ;                                ;
; hard_block:auto_generated_inst ; Auto-generated ; Source File       ; N/A                     ; Source File            ; N/A                          ; hard_block:auto_generated_inst ;
+--------------------------------+----------------+-------------------+-------------------------+------------------------+------------------------------+--------------------------------+


+------------------------------------------------------------------------------------------------------------------------------------+
; Incremental Compilation Placement Preservation                                                                                     ;
+--------------------------------+-----------------------+-------------------------+-------------------+---------------------+-------+
; Partition Name                 ; Preservation Achieved ; Preservation Level Used ; Netlist Type Used ; Preservation Method ; Notes ;
+--------------------------------+-----------------------+-------------------------+-------------------+---------------------+-------+
; Top                            ; 0.00 % ( 0 / 1137 )   ; N/A                     ; Source File       ; N/A                 ;       ;
; hard_block:auto_generated_inst ; 0.00 % ( 0 / 0 )      ; N/A                     ; Source File       ; N/A                 ;       ;
+--------------------------------+-----------------------+-------------------------+-------------------+---------------------+-------+


+--------------+
; Pin-Out File ;
+--------------+
The pin-out file can be found in C:/Users/josea/Documents/SystemVerilog/crodriguez_jarroyo_nvargas_digital_design_lab_2024/Proyecto/output_files/pipeline.pin.


+------------------------------------------------------------------------------------------+
; Fitter Resource Usage Summary                                                            ;
+-------------------------------------------------------------+--------------------+-------+
; Resource                                                    ; Usage              ; %     ;
+-------------------------------------------------------------+--------------------+-------+
; Logic utilization (ALMs needed / total ALMs on device)      ; 347 / 56,480       ; < 1 % ;
; ALMs needed [=A-B+C]                                        ; 347                ;       ;
;     [A] ALMs used in final placement [=a+b+c+d]             ; 404 / 56,480       ; < 1 % ;
;         [a] ALMs used for LUT logic and registers           ; 129                ;       ;
;         [b] ALMs used for LUT logic                         ; 167                ;       ;
;         [c] ALMs used for registers                         ; 108                ;       ;
;         [d] ALMs used for memory (up to half of total ALMs) ; 0                  ;       ;
;     [B] Estimate of ALMs recoverable by dense packing       ; 60 / 56,480        ; < 1 % ;
;     [C] Estimate of ALMs unavailable [=a+b+c+d]             ; 3 / 56,480         ; < 1 % ;
;         [a] Due to location constrained logic               ; 0                  ;       ;
;         [b] Due to LAB-wide signal conflicts                ; 0                  ;       ;
;         [c] Due to LAB input limits                         ; 3                  ;       ;
;         [d] Due to virtual I/Os                             ; 0                  ;       ;
;                                                             ;                    ;       ;
; Difficulty packing design                                   ; Low                ;       ;
;                                                             ;                    ;       ;
; Total LABs:  partially or completely used                   ; 58 / 5,648         ; 1 %   ;
;     -- Logic LABs                                           ; 58                 ;       ;
;     -- Memory LABs (up to half of total LABs)               ; 0                  ;       ;
;                                                             ;                    ;       ;
; Combinational ALUT usage for logic                          ; 337                ;       ;
;     -- 7 input functions                                    ; 0                  ;       ;
;     -- 6 input functions                                    ; 320                ;       ;
;     -- 5 input functions                                    ; 16                 ;       ;
;     -- 4 input functions                                    ; 0                  ;       ;
;     -- <=3 input functions                                  ; 1                  ;       ;
; Combinational ALUT usage for route-throughs                 ; 121                ;       ;
;                                                             ;                    ;       ;
; Dedicated logic registers                                   ; 512                ;       ;
;     -- By type:                                             ;                    ;       ;
;         -- Primary logic registers                          ; 472 / 112,960      ; < 1 % ;
;         -- Secondary logic registers                        ; 40 / 112,960       ; < 1 % ;
;     -- By function:                                         ;                    ;       ;
;         -- Design implementation registers                  ; 512                ;       ;
;         -- Routing optimization registers                   ; 0                  ;       ;
;                                                             ;                    ;       ;
; Virtual pins                                                ; 0                  ;       ;
; I/O pins                                                    ; 143 / 268          ; 53 %  ;
;     -- Clock pins                                           ; 8 / 11             ; 73 %  ;
;     -- Dedicated input pins                                 ; 0 / 23             ; 0 %   ;
;                                                             ;                    ;       ;
; M10K blocks                                                 ; 0 / 686            ; 0 %   ;
; Total MLAB memory bits                                      ; 0                  ;       ;
; Total block memory bits                                     ; 0 / 7,024,640      ; 0 %   ;
; Total block memory implementation bits                      ; 0 / 7,024,640      ; 0 %   ;
;                                                             ;                    ;       ;
; Total DSP Blocks                                            ; 0 / 156            ; 0 %   ;
;                                                             ;                    ;       ;
; Fractional PLLs                                             ; 0 / 7              ; 0 %   ;
; Global signals                                              ; 2                  ;       ;
;     -- Global clocks                                        ; 2 / 16             ; 13 %  ;
;     -- Quadrant clocks                                      ; 0 / 88             ; 0 %   ;
;     -- Horizontal periphery clocks                          ; 0 / 18             ; 0 %   ;
; SERDES Transmitters                                         ; 0 / 120            ; 0 %   ;
; SERDES Receivers                                            ; 0 / 120            ; 0 %   ;
; JTAGs                                                       ; 0 / 1              ; 0 %   ;
; ASMI blocks                                                 ; 0 / 1              ; 0 %   ;
; CRC blocks                                                  ; 0 / 1              ; 0 %   ;
; Remote update blocks                                        ; 0 / 1              ; 0 %   ;
; Oscillator blocks                                           ; 0 / 1              ; 0 %   ;
; Hard IPs                                                    ; 0 / 1              ; 0 %   ;
; Standard RX PCSs                                            ; 0 / 6              ; 0 %   ;
; HSSI PMA RX Deserializers                                   ; 0 / 6              ; 0 %   ;
; Standard TX PCSs                                            ; 0 / 6              ; 0 %   ;
; HSSI PMA TX Serializers                                     ; 0 / 6              ; 0 %   ;
; Channel PLLs                                                ; 0 / 6              ; 0 %   ;
; Impedance control blocks                                    ; 0 / 3              ; 0 %   ;
; Hard Memory Controllers                                     ; 0 / 2              ; 0 %   ;
; Average interconnect usage (total/H/V)                      ; 0.3% / 0.3% / 0.3% ;       ;
; Peak interconnect usage (total/H/V)                         ; 9.2% / 9.9% / 6.8% ;       ;
; Maximum fan-out                                             ; 512                ;       ;
; Highest non-global fan-out                                  ; 80                 ;       ;
; Total fan-out                                               ; 4378               ;       ;
; Average fan-out                                             ; 3.48               ;       ;
+-------------------------------------------------------------+--------------------+-------+


+-----------------------------------------------------------------------------------------------------------------------+
; Fitter Partition Statistics                                                                                           ;
+-------------------------------------------------------------+------------------------+--------------------------------+
; Statistic                                                   ; Top                    ; hard_block:auto_generated_inst ;
+-------------------------------------------------------------+------------------------+--------------------------------+
; Logic utilization (ALMs needed / total ALMs on device)      ; 347 / 56480 ( < 1 % )  ; 0 / 56480 ( 0 % )              ;
; ALMs needed [=A-B+C]                                        ; 347                    ; 0                              ;
;     [A] ALMs used in final placement [=a+b+c+d]             ; 404 / 56480 ( < 1 % )  ; 0 / 56480 ( 0 % )              ;
;         [a] ALMs used for LUT logic and registers           ; 129                    ; 0                              ;
;         [b] ALMs used for LUT logic                         ; 167                    ; 0                              ;
;         [c] ALMs used for registers                         ; 108                    ; 0                              ;
;         [d] ALMs used for memory (up to half of total ALMs) ; 0                      ; 0                              ;
;     [B] Estimate of ALMs recoverable by dense packing       ; 60 / 56480 ( < 1 % )   ; 0 / 56480 ( 0 % )              ;
;     [C] Estimate of ALMs unavailable [=a+b+c+d]             ; 3 / 56480 ( < 1 % )    ; 0 / 56480 ( 0 % )              ;
;         [a] Due to location constrained logic               ; 0                      ; 0                              ;
;         [b] Due to LAB-wide signal conflicts                ; 0                      ; 0                              ;
;         [c] Due to LAB input limits                         ; 3                      ; 0                              ;
;         [d] Due to virtual I/Os                             ; 0                      ; 0                              ;
;                                                             ;                        ;                                ;
; Difficulty packing design                                   ; Low                    ; Low                            ;
;                                                             ;                        ;                                ;
; Total LABs:  partially or completely used                   ; 58 / 5648 ( 1 % )      ; 0 / 5648 ( 0 % )               ;
;     -- Logic LABs                                           ; 58                     ; 0                              ;
;     -- Memory LABs (up to half of total LABs)               ; 0                      ; 0                              ;
;                                                             ;                        ;                                ;
; Combinational ALUT usage for logic                          ; 337                    ; 0                              ;
;     -- 7 input functions                                    ; 0                      ; 0                              ;
;     -- 6 input functions                                    ; 320                    ; 0                              ;
;     -- 5 input functions                                    ; 16                     ; 0                              ;
;     -- 4 input functions                                    ; 0                      ; 0                              ;
;     -- <=3 input functions                                  ; 1                      ; 0                              ;
; Combinational ALUT usage for route-throughs                 ; 121                    ; 0                              ;
; Memory ALUT usage                                           ; 0                      ; 0                              ;
;     -- 64-address deep                                      ; 0                      ; 0                              ;
;     -- 32-address deep                                      ; 0                      ; 0                              ;
;                                                             ;                        ;                                ;
; Dedicated logic registers                                   ; 0                      ; 0                              ;
;     -- By type:                                             ;                        ;                                ;
;         -- Primary logic registers                          ; 472 / 112960 ( < 1 % ) ; 0 / 112960 ( 0 % )             ;
;         -- Secondary logic registers                        ; 40 / 112960 ( < 1 % )  ; 0 / 112960 ( 0 % )             ;
;     -- By function:                                         ;                        ;                                ;
;         -- Design implementation registers                  ; 512                    ; 0                              ;
;         -- Routing optimization registers                   ; 0                      ; 0                              ;
;                                                             ;                        ;                                ;
;                                                             ;                        ;                                ;
; Virtual pins                                                ; 0                      ; 0                              ;
; I/O pins                                                    ; 143                    ; 0                              ;
; I/O registers                                               ; 0                      ; 0                              ;
; Total block memory bits                                     ; 0                      ; 0                              ;
; Total block memory implementation bits                      ; 0                      ; 0                              ;
; Clock enable block                                          ; 2 / 122 ( 1 % )        ; 0 / 122 ( 0 % )                ;
;                                                             ;                        ;                                ;
; Connections                                                 ;                        ;                                ;
;     -- Input Connections                                    ; 0                      ; 0                              ;
;     -- Registered Input Connections                         ; 0                      ; 0                              ;
;     -- Output Connections                                   ; 0                      ; 0                              ;
;     -- Registered Output Connections                        ; 0                      ; 0                              ;
;                                                             ;                        ;                                ;
; Internal Connections                                        ;                        ;                                ;
;     -- Total Connections                                    ; 4378                   ; 0                              ;
;     -- Registered Connections                               ; 1024                   ; 0                              ;
;                                                             ;                        ;                                ;
; External Connections                                        ;                        ;                                ;
;     -- Top                                                  ; 0                      ; 0                              ;
;     -- hard_block:auto_generated_inst                       ; 0                      ; 0                              ;
;                                                             ;                        ;                                ;
; Partition Interface                                         ;                        ;                                ;
;     -- Input Ports                                          ; 79                     ; 0                              ;
;     -- Output Ports                                         ; 64                     ; 0                              ;
;     -- Bidir Ports                                          ; 0                      ; 0                              ;
;                                                             ;                        ;                                ;
; Registered Ports                                            ;                        ;                                ;
;     -- Registered Input Ports                               ; 0                      ; 0                              ;
;     -- Registered Output Ports                              ; 0                      ; 0                              ;
;                                                             ;                        ;                                ;
; Port Connectivity                                           ;                        ;                                ;
;     -- Input Ports driven by GND                            ; 0                      ; 0                              ;
;     -- Output Ports driven by GND                           ; 0                      ; 0                              ;
;     -- Input Ports driven by VCC                            ; 0                      ; 0                              ;
;     -- Output Ports driven by VCC                           ; 0                      ; 0                              ;
;     -- Input Ports with no Source                           ; 0                      ; 0                              ;
;     -- Output Ports with no Source                          ; 0                      ; 0                              ;
;     -- Input Ports with no Fanout                           ; 0                      ; 0                              ;
;     -- Output Ports with no Fanout                          ; 0                      ; 0                              ;
+-------------------------------------------------------------+------------------------+--------------------------------+


+----------------------------------------------------------------------------------------------------------------------------------------------------------------------------------------------------------------------------------------------------------------------------------------+
; Input Pins                                                                                                                                                                                                                                                                             ;
+---------+-------+----------+--------------+--------------+--------------+-----------------------+--------------------+--------+----------------+-----------------+----------+--------------+--------------+-------------+---------------------------+----------------------+-----------+
; Name    ; Pin # ; I/O Bank ; X coordinate ; Y coordinate ; Z coordinate ; Combinational Fan-Out ; Registered Fan-Out ; Global ; Input Register ; PCI I/O Enabled ; Bus Hold ; Weak Pull Up ; I/O Standard ; Termination ; Termination Control Block ; Location assigned by ; Slew Rate ;
+---------+-------+----------+--------------+--------------+--------------+-----------------------+--------------------+--------+----------------+-----------------+----------+--------------+--------------+-------------+---------------------------+----------------------+-----------+
; a1[0]   ; V10   ; 3B       ; 26           ; 0            ; 40           ; 80                    ; 0                  ; no     ; no             ; no              ; no       ; Off          ; 2.5 V        ; Off         ; --                        ; Fitter               ; no        ;
; a1[1]   ; AA10  ; 3B       ; 32           ; 0            ; 51           ; 80                    ; 0                  ; no     ; no             ; no              ; no       ; Off          ; 2.5 V        ; Off         ; --                        ; Fitter               ; no        ;
; a1[2]   ; AB7   ; 3B       ; 28           ; 0            ; 34           ; 80                    ; 0                  ; no     ; no             ; no              ; no       ; Off          ; 2.5 V        ; Off         ; --                        ; Fitter               ; no        ;
; a1[3]   ; AA8   ; 3B       ; 30           ; 0            ; 51           ; 80                    ; 0                  ; no     ; no             ; no              ; no       ; Off          ; 2.5 V        ; Off         ; --                        ; Fitter               ; no        ;
; a2[0]   ; AB11  ; 3B       ; 38           ; 0            ; 34           ; 80                    ; 0                  ; no     ; no             ; no              ; no       ; Off          ; 2.5 V        ; Off         ; --                        ; Fitter               ; no        ;
; a2[1]   ; AA7   ; 3B       ; 28           ; 0            ; 51           ; 80                    ; 0                  ; no     ; no             ; no              ; no       ; Off          ; 2.5 V        ; Off         ; --                        ; Fitter               ; no        ;
; a2[2]   ; AB8   ; 3B       ; 30           ; 0            ; 34           ; 80                    ; 0                  ; no     ; no             ; no              ; no       ; Off          ; 2.5 V        ; Off         ; --                        ; Fitter               ; no        ;
; a2[3]   ; R12   ; 3B       ; 36           ; 0            ; 51           ; 80                    ; 0                  ; no     ; no             ; no              ; no       ; Off          ; 2.5 V        ; Off         ; --                        ; Fitter               ; no        ;
; a3[0]   ; N6    ; 3A       ; 4            ; 0            ; 0            ; 16                    ; 0                  ; no     ; no             ; no              ; no       ; Off          ; 2.5 V        ; Off         ; --                        ; Fitter               ; no        ;
; a3[1]   ; T7    ; 3A       ; 6            ; 0            ; 17           ; 16                    ; 0                  ; no     ; no             ; no              ; no       ; Off          ; 2.5 V        ; Off         ; --                        ; Fitter               ; no        ;
; a3[2]   ; Y22   ; 4A       ; 66           ; 0            ; 91           ; 16                    ; 0                  ; no     ; no             ; no              ; no       ; Off          ; 2.5 V        ; Off         ; --                        ; Fitter               ; no        ;
; a3[3]   ; W8    ; 3A       ; 4            ; 0            ; 51           ; 16                    ; 0                  ; no     ; no             ; no              ; no       ; Off          ; 2.5 V        ; Off         ; --                        ; Fitter               ; no        ;
; clk     ; M16   ; 5B       ; 89           ; 35           ; 60           ; 512                   ; 0                  ; yes    ; no             ; no              ; no       ; Off          ; 2.5 V        ; Off         ; --                        ; Fitter               ; no        ;
; r15[0]  ; D17   ; 7A       ; 70           ; 81           ; 0            ; 0                     ; 0                  ; no     ; no             ; no              ; no       ; Off          ; 2.5 V        ; Off         ; --                        ; Fitter               ; no        ;
; r15[10] ; A22   ; 7A       ; 78           ; 81           ; 51           ; 0                     ; 0                  ; no     ; no             ; no              ; no       ; Off          ; 2.5 V        ; Off         ; --                        ; Fitter               ; no        ;
; r15[11] ; J13   ; 7A       ; 60           ; 81           ; 17           ; 0                     ; 0                  ; no     ; no             ; no              ; no       ; Off          ; 2.5 V        ; Off         ; --                        ; Fitter               ; no        ;
; r15[12] ; E10   ; 8A       ; 32           ; 81           ; 0            ; 0                     ; 0                  ; no     ; no             ; no              ; no       ; Off          ; 2.5 V        ; Off         ; --                        ; Fitter               ; no        ;
; r15[13] ; D19   ; 7A       ; 86           ; 81           ; 17           ; 0                     ; 0                  ; no     ; no             ; no              ; no       ; Off          ; 2.5 V        ; Off         ; --                        ; Fitter               ; no        ;
; r15[14] ; J11   ; 7A       ; 58           ; 81           ; 74           ; 0                     ; 0                  ; no     ; no             ; no              ; no       ; Off          ; 2.5 V        ; Off         ; --                        ; Fitter               ; no        ;
; r15[15] ; U8    ; 3A       ; 2            ; 0            ; 74           ; 0                     ; 0                  ; no     ; no             ; no              ; no       ; Off          ; 2.5 V        ; Off         ; --                        ; Fitter               ; no        ;
; r15[16] ; D12   ; 7A       ; 50           ; 81           ; 40           ; 0                     ; 0                  ; no     ; no             ; no              ; no       ; Off          ; 2.5 V        ; Off         ; --                        ; Fitter               ; no        ;
; r15[17] ; C20   ; 7A       ; 86           ; 81           ; 34           ; 0                     ; 0                  ; no     ; no             ; no              ; no       ; Off          ; 2.5 V        ; Off         ; --                        ; Fitter               ; no        ;
; r15[18] ; B16   ; 7A       ; 72           ; 81           ; 34           ; 0                     ; 0                  ; no     ; no             ; no              ; no       ; Off          ; 2.5 V        ; Off         ; --                        ; Fitter               ; no        ;
; r15[19] ; C18   ; 7A       ; 78           ; 81           ; 17           ; 0                     ; 0                  ; no     ; no             ; no              ; no       ; Off          ; 2.5 V        ; Off         ; --                        ; Fitter               ; no        ;
; r15[1]  ; J22   ; 7A       ; 84           ; 81           ; 17           ; 0                     ; 0                  ; no     ; no             ; no              ; no       ; Off          ; 2.5 V        ; Off         ; --                        ; Fitter               ; no        ;
; r15[20] ; K21   ; 5B       ; 89           ; 38           ; 37           ; 0                     ; 0                  ; no     ; no             ; no              ; no       ; Off          ; 2.5 V        ; Off         ; --                        ; Fitter               ; no        ;
; r15[21] ; F7    ; 8A       ; 26           ; 81           ; 74           ; 0                     ; 0                  ; no     ; no             ; no              ; no       ; Off          ; 2.5 V        ; Off         ; --                        ; Fitter               ; no        ;
; r15[22] ; B7    ; 8A       ; 32           ; 81           ; 51           ; 0                     ; 0                  ; no     ; no             ; no              ; no       ; Off          ; 2.5 V        ; Off         ; --                        ; Fitter               ; no        ;
; r15[23] ; H9    ; 8A       ; 36           ; 81           ; 17           ; 0                     ; 0                  ; no     ; no             ; no              ; no       ; Off          ; 2.5 V        ; Off         ; --                        ; Fitter               ; no        ;
; r15[24] ; M18   ; 5B       ; 89           ; 36           ; 20           ; 0                     ; 0                  ; no     ; no             ; no              ; no       ; Off          ; 2.5 V        ; Off         ; --                        ; Fitter               ; no        ;
; r15[25] ; P22   ; 5A       ; 89           ; 8            ; 54           ; 0                     ; 0                  ; no     ; no             ; no              ; no       ; Off          ; 2.5 V        ; Off         ; --                        ; Fitter               ; no        ;
; r15[26] ; G21   ; 7A       ; 88           ; 81           ; 18           ; 0                     ; 0                  ; no     ; no             ; no              ; no       ; Off          ; 2.5 V        ; Off         ; --                        ; Fitter               ; no        ;
; r15[27] ; L8    ; 7A       ; 52           ; 81           ; 34           ; 0                     ; 0                  ; no     ; no             ; no              ; no       ; Off          ; 2.5 V        ; Off         ; --                        ; Fitter               ; no        ;
; r15[28] ; F22   ; 7A       ; 82           ; 81           ; 91           ; 0                     ; 0                  ; no     ; no             ; no              ; no       ; Off          ; 2.5 V        ; Off         ; --                        ; Fitter               ; no        ;
; r15[29] ; K22   ; 5B       ; 89           ; 38           ; 54           ; 0                     ; 0                  ; no     ; no             ; no              ; no       ; Off          ; 2.5 V        ; Off         ; --                        ; Fitter               ; no        ;
; r15[2]  ; F10   ; 8A       ; 40           ; 81           ; 17           ; 0                     ; 0                  ; no     ; no             ; no              ; no       ; Off          ; 2.5 V        ; Off         ; --                        ; Fitter               ; no        ;
; r15[30] ; G13   ; 7A       ; 56           ; 81           ; 17           ; 0                     ; 0                  ; no     ; no             ; no              ; no       ; Off          ; 2.5 V        ; Off         ; --                        ; Fitter               ; no        ;
; r15[31] ; F13   ; 7A       ; 58           ; 81           ; 57           ; 0                     ; 0                  ; no     ; no             ; no              ; no       ; Off          ; 2.5 V        ; Off         ; --                        ; Fitter               ; no        ;
; r15[3]  ; B10   ; 8A       ; 34           ; 81           ; 40           ; 0                     ; 0                  ; no     ; no             ; no              ; no       ; Off          ; 2.5 V        ; Off         ; --                        ; Fitter               ; no        ;
; r15[4]  ; P16   ; 5A       ; 89           ; 9            ; 3            ; 0                     ; 0                  ; no     ; no             ; no              ; no       ; Off          ; 2.5 V        ; Off         ; --                        ; Fitter               ; no        ;
; r15[5]  ; G12   ; 7A       ; 52           ; 81           ; 17           ; 0                     ; 0                  ; no     ; no             ; no              ; no       ; Off          ; 2.5 V        ; Off         ; --                        ; Fitter               ; no        ;
; r15[6]  ; C9    ; 8A       ; 34           ; 81           ; 57           ; 0                     ; 0                  ; no     ; no             ; no              ; no       ; Off          ; 2.5 V        ; Off         ; --                        ; Fitter               ; no        ;
; r15[7]  ; H13   ; 7A       ; 56           ; 81           ; 0            ; 0                     ; 0                  ; no     ; no             ; no              ; no       ; Off          ; 2.5 V        ; Off         ; --                        ; Fitter               ; no        ;
; r15[8]  ; E19   ; 7A       ; 86           ; 81           ; 0            ; 0                     ; 0                  ; no     ; no             ; no              ; no       ; Off          ; 2.5 V        ; Off         ; --                        ; Fitter               ; no        ;
; r15[9]  ; J9    ; 8A       ; 36           ; 81           ; 0            ; 0                     ; 0                  ; no     ; no             ; no              ; no       ; Off          ; 2.5 V        ; Off         ; --                        ; Fitter               ; no        ;
; rst     ; N16   ; 5B       ; 89           ; 35           ; 43           ; 512                   ; 0                  ; yes    ; no             ; no              ; no       ; Off          ; 2.5 V        ; Off         ; --                        ; Fitter               ; no        ;
; wd3[0]  ; AA18  ; 4A       ; 60           ; 0            ; 34           ; 16                    ; 0                  ; no     ; no             ; no              ; no       ; Off          ; 2.5 V        ; Off         ; --                        ; Fitter               ; no        ;
; wd3[10] ; AA9   ; 3B       ; 32           ; 0            ; 34           ; 16                    ; 0                  ; no     ; no             ; no              ; no       ; Off          ; 2.5 V        ; Off         ; --                        ; Fitter               ; no        ;
; wd3[11] ; R10   ; 3B       ; 38           ; 0            ; 17           ; 16                    ; 0                  ; no     ; no             ; no              ; no       ; Off          ; 2.5 V        ; Off         ; --                        ; Fitter               ; no        ;
; wd3[12] ; N9    ; 3B       ; 40           ; 0            ; 0            ; 16                    ; 0                  ; no     ; no             ; no              ; no       ; Off          ; 2.5 V        ; Off         ; --                        ; Fitter               ; no        ;
; wd3[13] ; T10   ; 3B       ; 34           ; 0            ; 57           ; 16                    ; 0                  ; no     ; no             ; no              ; no       ; Off          ; 2.5 V        ; Off         ; --                        ; Fitter               ; no        ;
; wd3[14] ; T9    ; 3B       ; 30           ; 0            ; 17           ; 16                    ; 0                  ; no     ; no             ; no              ; no       ; Off          ; 2.5 V        ; Off         ; --                        ; Fitter               ; no        ;
; wd3[15] ; P12   ; 3B       ; 36           ; 0            ; 34           ; 16                    ; 0                  ; no     ; no             ; no              ; no       ; Off          ; 2.5 V        ; Off         ; --                        ; Fitter               ; no        ;
; wd3[16] ; AB17  ; 4A       ; 56           ; 0            ; 51           ; 16                    ; 0                  ; no     ; no             ; no              ; no       ; Off          ; 2.5 V        ; Off         ; --                        ; Fitter               ; no        ;
; wd3[17] ; Y9    ; 3B       ; 34           ; 0            ; 74           ; 16                    ; 0                  ; no     ; no             ; no              ; no       ; Off          ; 2.5 V        ; Off         ; --                        ; Fitter               ; no        ;
; wd3[18] ; AB12  ; 4A       ; 50           ; 0            ; 74           ; 16                    ; 0                  ; no     ; no             ; no              ; no       ; Off          ; 2.5 V        ; Off         ; --                        ; Fitter               ; no        ;
; wd3[19] ; N8    ; 3B       ; 28           ; 0            ; 0            ; 16                    ; 0                  ; no     ; no             ; no              ; no       ; Off          ; 2.5 V        ; Off         ; --                        ; Fitter               ; no        ;
; wd3[1]  ; U10   ; 3B       ; 30           ; 0            ; 0            ; 16                    ; 0                  ; no     ; no             ; no              ; no       ; Off          ; 2.5 V        ; Off         ; --                        ; Fitter               ; no        ;
; wd3[20] ; R7    ; 3A       ; 8            ; 0            ; 51           ; 16                    ; 0                  ; no     ; no             ; no              ; no       ; Off          ; 2.5 V        ; Off         ; --                        ; Fitter               ; no        ;
; wd3[21] ; P9    ; 3B       ; 40           ; 0            ; 17           ; 16                    ; 0                  ; no     ; no             ; no              ; no       ; Off          ; 2.5 V        ; Off         ; --                        ; Fitter               ; no        ;
; wd3[22] ; Y11   ; 3B       ; 40           ; 0            ; 51           ; 16                    ; 0                  ; no     ; no             ; no              ; no       ; Off          ; 2.5 V        ; Off         ; --                        ; Fitter               ; no        ;
; wd3[23] ; R9    ; 3B       ; 34           ; 0            ; 40           ; 16                    ; 0                  ; no     ; no             ; no              ; no       ; Off          ; 2.5 V        ; Off         ; --                        ; Fitter               ; no        ;
; wd3[24] ; U13   ; 4A       ; 50           ; 0            ; 40           ; 16                    ; 0                  ; no     ; no             ; no              ; no       ; Off          ; 2.5 V        ; Off         ; --                        ; Fitter               ; no        ;
; wd3[25] ; AA12  ; 3B       ; 40           ; 0            ; 34           ; 16                    ; 0                  ; no     ; no             ; no              ; no       ; Off          ; 2.5 V        ; Off         ; --                        ; Fitter               ; no        ;
; wd3[26] ; T12   ; 4A       ; 52           ; 0            ; 17           ; 16                    ; 0                  ; no     ; no             ; no              ; no       ; Off          ; 2.5 V        ; Off         ; --                        ; Fitter               ; no        ;
; wd3[27] ; AB13  ; 4A       ; 50           ; 0            ; 91           ; 16                    ; 0                  ; no     ; no             ; no              ; no       ; Off          ; 2.5 V        ; Off         ; --                        ; Fitter               ; no        ;
; wd3[28] ; Y14   ; 4A       ; 54           ; 0            ; 17           ; 16                    ; 0                  ; no     ; no             ; no              ; no       ; Off          ; 2.5 V        ; Off         ; --                        ; Fitter               ; no        ;
; wd3[29] ; P8    ; 3B       ; 28           ; 0            ; 17           ; 16                    ; 0                  ; no     ; no             ; no              ; no       ; Off          ; 2.5 V        ; Off         ; --                        ; Fitter               ; no        ;
; wd3[2]  ; M8    ; 3B       ; 32           ; 0            ; 17           ; 16                    ; 0                  ; no     ; no             ; no              ; no       ; Off          ; 2.5 V        ; Off         ; --                        ; Fitter               ; no        ;
; wd3[30] ; U12   ; 3B       ; 36           ; 0            ; 0            ; 16                    ; 0                  ; no     ; no             ; no              ; no       ; Off          ; 2.5 V        ; Off         ; --                        ; Fitter               ; no        ;
; wd3[31] ; V13   ; 4A       ; 50           ; 0            ; 57           ; 16                    ; 0                  ; no     ; no             ; no              ; no       ; Off          ; 2.5 V        ; Off         ; --                        ; Fitter               ; no        ;
; wd3[3]  ; AB6   ; 3B       ; 26           ; 0            ; 91           ; 16                    ; 0                  ; no     ; no             ; no              ; no       ; Off          ; 2.5 V        ; Off         ; --                        ; Fitter               ; no        ;
; wd3[4]  ; M9    ; 3B       ; 32           ; 0            ; 0            ; 16                    ; 0                  ; no     ; no             ; no              ; no       ; Off          ; 2.5 V        ; Off         ; --                        ; Fitter               ; no        ;
; wd3[5]  ; AB5   ; 3B       ; 26           ; 0            ; 74           ; 16                    ; 0                  ; no     ; no             ; no              ; no       ; Off          ; 2.5 V        ; Off         ; --                        ; Fitter               ; no        ;
; wd3[6]  ; R11   ; 3B       ; 38           ; 0            ; 0            ; 16                    ; 0                  ; no     ; no             ; no              ; no       ; Off          ; 2.5 V        ; Off         ; --                        ; Fitter               ; no        ;
; wd3[7]  ; Y10   ; 3B       ; 34           ; 0            ; 91           ; 16                    ; 0                  ; no     ; no             ; no              ; no       ; Off          ; 2.5 V        ; Off         ; --                        ; Fitter               ; no        ;
; wd3[8]  ; AB10  ; 3B       ; 38           ; 0            ; 51           ; 16                    ; 0                  ; no     ; no             ; no              ; no       ; Off          ; 2.5 V        ; Off         ; --                        ; Fitter               ; no        ;
; wd3[9]  ; Y15   ; 4A       ; 54           ; 0            ; 0            ; 16                    ; 0                  ; no     ; no             ; no              ; no       ; Off          ; 2.5 V        ; Off         ; --                        ; Fitter               ; no        ;
; we3     ; V21   ; 4A       ; 70           ; 0            ; 34           ; 16                    ; 0                  ; no     ; no             ; no              ; no       ; Off          ; 2.5 V        ; Off         ; --                        ; Fitter               ; no        ;
+---------+-------+----------+--------------+--------------+--------------+-----------------------+--------------------+--------+----------------+-----------------+----------+--------------+--------------+-------------+---------------------------+----------------------+-----------+


+----------------------------------------------------------------------------------------------------------------------------------------------------------------------------------------------------------------------------------------------------------------------------------------------------------------------------------------------------------------------------------------------------------------------------------------------------------------------------------------------+
; Output Pins                                                                                                                                                                                                                                                                                                                                                                                                                                                                                  ;
+---------+-------+----------+--------------+--------------+--------------+-----------------+------------------------+-----------+-----------------+------------+---------------+----------+--------------+--------------+------------------+-----------------------------------+---------------------------+----------------------------+-----------------------------+---------------------+-----------------------------+----------------------+----------------------+---------------------+
; Name    ; Pin # ; I/O Bank ; X coordinate ; Y coordinate ; Z coordinate ; Output Register ; Output Enable Register ; Slew Rate ; PCI I/O Enabled ; Open Drain ; TRI Primitive ; Bus Hold ; Weak Pull Up ; I/O Standard ; Current Strength ; Termination                       ; Termination Control Block ; Output Buffer Pre-emphasis ; Voltage Output Differential ; Output Buffer Delay ; Output Buffer Delay Control ; Location assigned by ; Output Enable Source ; Output Enable Group ;
+---------+-------+----------+--------------+--------------+--------------+-----------------+------------------------+-----------+-----------------+------------+---------------+----------+--------------+--------------+------------------+-----------------------------------+---------------------------+----------------------------+-----------------------------+---------------------+-----------------------------+----------------------+----------------------+---------------------+
; rd1[0]  ; Y20   ; 4A       ; 66           ; 0            ; 57           ; no              ; no                     ; 1         ; no              ; no         ; no            ; no       ; Off          ; 2.5 V        ; Default          ; Series 50 Ohm without Calibration ; --                        ; no                         ; no                          ; 0                   ; Off                         ; Fitter               ; -                    ; -                   ;
; rd1[10] ; R15   ; 5A       ; 89           ; 6            ; 20           ; no              ; no                     ; 1         ; no              ; no         ; no            ; no       ; Off          ; 2.5 V        ; Default          ; Series 50 Ohm without Calibration ; --                        ; no                         ; no                          ; 0                   ; Off                         ; Fitter               ; -                    ; -                   ;
; rd1[11] ; L7    ; 8A       ; 40           ; 81           ; 34           ; no              ; no                     ; 1         ; no              ; no         ; no            ; no       ; Off          ; 2.5 V        ; Default          ; Series 50 Ohm without Calibration ; --                        ; no                         ; no                          ; 0                   ; Off                         ; Fitter               ; -                    ; -                   ;
; rd1[12] ; W9    ; 3A       ; 4            ; 0            ; 34           ; no              ; no                     ; 1         ; no              ; no         ; no            ; no       ; Off          ; 2.5 V        ; Default          ; Series 50 Ohm without Calibration ; --                        ; no                         ; no                          ; 0                   ; Off                         ; Fitter               ; -                    ; -                   ;
; rd1[13] ; U22   ; 4A       ; 70           ; 0            ; 51           ; no              ; no                     ; 1         ; no              ; no         ; no            ; no       ; Off          ; 2.5 V        ; Default          ; Series 50 Ohm without Calibration ; --                        ; no                         ; no                          ; 0                   ; Off                         ; Fitter               ; -                    ; -                   ;
; rd1[14] ; R14   ; 4A       ; 68           ; 0            ; 0            ; no              ; no                     ; 1         ; no              ; no         ; no            ; no       ; Off          ; 2.5 V        ; Default          ; Series 50 Ohm without Calibration ; --                        ; no                         ; no                          ; 0                   ; Off                         ; Fitter               ; -                    ; -                   ;
; rd1[15] ; R21   ; 5A       ; 89           ; 8            ; 37           ; no              ; no                     ; 1         ; no              ; no         ; no            ; no       ; Off          ; 2.5 V        ; Default          ; Series 50 Ohm without Calibration ; --                        ; no                         ; no                          ; 0                   ; Off                         ; Fitter               ; -                    ; -                   ;
; rd1[16] ; U15   ; 4A       ; 60           ; 0            ; 0            ; no              ; no                     ; 1         ; no              ; no         ; no            ; no       ; Off          ; 2.5 V        ; Default          ; Series 50 Ohm without Calibration ; --                        ; no                         ; no                          ; 0                   ; Off                         ; Fitter               ; -                    ; -                   ;
; rd1[17] ; W19   ; 4A       ; 62           ; 0            ; 0            ; no              ; no                     ; 1         ; no              ; no         ; no            ; no       ; Off          ; 2.5 V        ; Default          ; Series 50 Ohm without Calibration ; --                        ; no                         ; no                          ; 0                   ; Off                         ; Fitter               ; -                    ; -                   ;
; rd1[18] ; AA20  ; 4A       ; 62           ; 0            ; 34           ; no              ; no                     ; 1         ; no              ; no         ; no            ; no       ; Off          ; 2.5 V        ; Default          ; Series 50 Ohm without Calibration ; --                        ; no                         ; no                          ; 0                   ; Off                         ; Fitter               ; -                    ; -                   ;
; rd1[19] ; P14   ; 4A       ; 68           ; 0            ; 17           ; no              ; no                     ; 1         ; no              ; no         ; no            ; no       ; Off          ; 2.5 V        ; Default          ; Series 50 Ohm without Calibration ; --                        ; no                         ; no                          ; 0                   ; Off                         ; Fitter               ; -                    ; -                   ;
; rd1[1]  ; A7    ; 8A       ; 30           ; 81           ; 17           ; no              ; no                     ; 1         ; no              ; no         ; no            ; no       ; Off          ; 2.5 V        ; Default          ; Series 50 Ohm without Calibration ; --                        ; no                         ; no                          ; 0                   ; Off                         ; Fitter               ; -                    ; -                   ;
; rd1[20] ; R6    ; 3A       ; 2            ; 0            ; 57           ; no              ; no                     ; 1         ; no              ; no         ; no            ; no       ; Off          ; 2.5 V        ; Default          ; Series 50 Ohm without Calibration ; --                        ; no                         ; no                          ; 0                   ; Off                         ; Fitter               ; -                    ; -                   ;
; rd1[21] ; V16   ; 4A       ; 64           ; 0            ; 17           ; no              ; no                     ; 1         ; no              ; no         ; no            ; no       ; Off          ; 2.5 V        ; Default          ; Series 50 Ohm without Calibration ; --                        ; no                         ; no                          ; 0                   ; Off                         ; Fitter               ; -                    ; -                   ;
; rd1[22] ; V15   ; 4A       ; 56           ; 0            ; 0            ; no              ; no                     ; 1         ; no              ; no         ; no            ; no       ; Off          ; 2.5 V        ; Default          ; Series 50 Ohm without Calibration ; --                        ; no                         ; no                          ; 0                   ; Off                         ; Fitter               ; -                    ; -                   ;
; rd1[23] ; AA17  ; 4A       ; 60           ; 0            ; 51           ; no              ; no                     ; 1         ; no              ; no         ; no            ; no       ; Off          ; 2.5 V        ; Default          ; Series 50 Ohm without Calibration ; --                        ; no                         ; no                          ; 0                   ; Off                         ; Fitter               ; -                    ; -                   ;
; rd1[24] ; AB20  ; 4A       ; 58           ; 0            ; 91           ; no              ; no                     ; 1         ; no              ; no         ; no            ; no       ; Off          ; 2.5 V        ; Default          ; Series 50 Ohm without Calibration ; --                        ; no                         ; no                          ; 0                   ; Off                         ; Fitter               ; -                    ; -                   ;
; rd1[25] ; V9    ; 3B       ; 26           ; 0            ; 57           ; no              ; no                     ; 1         ; no              ; no         ; no            ; no       ; Off          ; 2.5 V        ; Default          ; Series 50 Ohm without Calibration ; --                        ; no                         ; no                          ; 0                   ; Off                         ; Fitter               ; -                    ; -                   ;
; rd1[26] ; V20   ; 4A       ; 62           ; 0            ; 17           ; no              ; no                     ; 1         ; no              ; no         ; no            ; no       ; Off          ; 2.5 V        ; Default          ; Series 50 Ohm without Calibration ; --                        ; no                         ; no                          ; 0                   ; Off                         ; Fitter               ; -                    ; -                   ;
; rd1[27] ; G10   ; 8A       ; 40           ; 81           ; 0            ; no              ; no                     ; 1         ; no              ; no         ; no            ; no       ; Off          ; 2.5 V        ; Default          ; Series 50 Ohm without Calibration ; --                        ; no                         ; no                          ; 0                   ; Off                         ; Fitter               ; -                    ; -                   ;
; rd1[28] ; AA13  ; 4A       ; 52           ; 0            ; 34           ; no              ; no                     ; 1         ; no              ; no         ; no            ; no       ; Off          ; 2.5 V        ; Default          ; Series 50 Ohm without Calibration ; --                        ; no                         ; no                          ; 0                   ; Off                         ; Fitter               ; -                    ; -                   ;
; rd1[29] ; Y21   ; 4A       ; 68           ; 0            ; 51           ; no              ; no                     ; 1         ; no              ; no         ; no            ; no       ; Off          ; 2.5 V        ; Default          ; Series 50 Ohm without Calibration ; --                        ; no                         ; no                          ; 0                   ; Off                         ; Fitter               ; -                    ; -                   ;
; rd1[2]  ; U16   ; 4A       ; 72           ; 0            ; 17           ; no              ; no                     ; 1         ; no              ; no         ; no            ; no       ; Off          ; 2.5 V        ; Default          ; Series 50 Ohm without Calibration ; --                        ; no                         ; no                          ; 0                   ; Off                         ; Fitter               ; -                    ; -                   ;
; rd1[30] ; AB21  ; 4A       ; 58           ; 0            ; 74           ; no              ; no                     ; 1         ; no              ; no         ; no            ; no       ; Off          ; 2.5 V        ; Default          ; Series 50 Ohm without Calibration ; --                        ; no                         ; no                          ; 0                   ; Off                         ; Fitter               ; -                    ; -                   ;
; rd1[31] ; Y16   ; 4A       ; 58           ; 0            ; 57           ; no              ; no                     ; 1         ; no              ; no         ; no            ; no       ; Off          ; 2.5 V        ; Default          ; Series 50 Ohm without Calibration ; --                        ; no                         ; no                          ; 0                   ; Off                         ; Fitter               ; -                    ; -                   ;
; rd1[3]  ; T20   ; 5A       ; 89           ; 4            ; 94           ; no              ; no                     ; 1         ; no              ; no         ; no            ; no       ; Off          ; 2.5 V        ; Default          ; Series 50 Ohm without Calibration ; --                        ; no                         ; no                          ; 0                   ; Off                         ; Fitter               ; -                    ; -                   ;
; rd1[4]  ; M7    ; 3A       ; 8            ; 0            ; 0            ; no              ; no                     ; 1         ; no              ; no         ; no            ; no       ; Off          ; 2.5 V        ; Default          ; Series 50 Ohm without Calibration ; --                        ; no                         ; no                          ; 0                   ; Off                         ; Fitter               ; -                    ; -                   ;
; rd1[5]  ; T8    ; 3A       ; 6            ; 0            ; 0            ; no              ; no                     ; 1         ; no              ; no         ; no            ; no       ; Off          ; 2.5 V        ; Default          ; Series 50 Ohm without Calibration ; --                        ; no                         ; no                          ; 0                   ; Off                         ; Fitter               ; -                    ; -                   ;
; rd1[6]  ; Y19   ; 4A       ; 66           ; 0            ; 40           ; no              ; no                     ; 1         ; no              ; no         ; no            ; no       ; Off          ; 2.5 V        ; Default          ; Series 50 Ohm without Calibration ; --                        ; no                         ; no                          ; 0                   ; Off                         ; Fitter               ; -                    ; -                   ;
; rd1[7]  ; P7    ; 3A       ; 8            ; 0            ; 34           ; no              ; no                     ; 1         ; no              ; no         ; no            ; no       ; Off          ; 2.5 V        ; Default          ; Series 50 Ohm without Calibration ; --                        ; no                         ; no                          ; 0                   ; Off                         ; Fitter               ; -                    ; -                   ;
; rd1[8]  ; U20   ; 4A       ; 72           ; 0            ; 34           ; no              ; no                     ; 1         ; no              ; no         ; no            ; no       ; Off          ; 2.5 V        ; Default          ; Series 50 Ohm without Calibration ; --                        ; no                         ; no                          ; 0                   ; Off                         ; Fitter               ; -                    ; -                   ;
; rd1[9]  ; V14   ; 4A       ; 56           ; 0            ; 17           ; no              ; no                     ; 1         ; no              ; no         ; no            ; no       ; Off          ; 2.5 V        ; Default          ; Series 50 Ohm without Calibration ; --                        ; no                         ; no                          ; 0                   ; Off                         ; Fitter               ; -                    ; -                   ;
; rd2[0]  ; AB18  ; 4A       ; 56           ; 0            ; 34           ; no              ; no                     ; 1         ; no              ; no         ; no            ; no       ; Off          ; 2.5 V        ; Default          ; Series 50 Ohm without Calibration ; --                        ; no                         ; no                          ; 0                   ; Off                         ; Fitter               ; -                    ; -                   ;
; rd2[10] ; A5    ; 8A       ; 34           ; 81           ; 74           ; no              ; no                     ; 1         ; no              ; no         ; no            ; no       ; Off          ; 2.5 V        ; Default          ; Series 50 Ohm without Calibration ; --                        ; no                         ; no                          ; 0                   ; Off                         ; Fitter               ; -                    ; -                   ;
; rd2[11] ; P17   ; 5A       ; 89           ; 9            ; 20           ; no              ; no                     ; 1         ; no              ; no         ; no            ; no       ; Off          ; 2.5 V        ; Default          ; Series 50 Ohm without Calibration ; --                        ; no                         ; no                          ; 0                   ; Off                         ; Fitter               ; -                    ; -                   ;
; rd2[12] ; W21   ; 4A       ; 68           ; 0            ; 34           ; no              ; no                     ; 1         ; no              ; no         ; no            ; no       ; Off          ; 2.5 V        ; Default          ; Series 50 Ohm without Calibration ; --                        ; no                         ; no                          ; 0                   ; Off                         ; Fitter               ; -                    ; -                   ;
; rd2[13] ; M6    ; 3A       ; 8            ; 0            ; 17           ; no              ; no                     ; 1         ; no              ; no         ; no            ; no       ; Off          ; 2.5 V        ; Default          ; Series 50 Ohm without Calibration ; --                        ; no                         ; no                          ; 0                   ; Off                         ; Fitter               ; -                    ; -                   ;
; rd2[14] ; U7    ; 3A       ; 2            ; 0            ; 91           ; no              ; no                     ; 1         ; no              ; no         ; no            ; no       ; Off          ; 2.5 V        ; Default          ; Series 50 Ohm without Calibration ; --                        ; no                         ; no                          ; 0                   ; Off                         ; Fitter               ; -                    ; -                   ;
; rd2[15] ; J7    ; 8A       ; 38           ; 81           ; 0            ; no              ; no                     ; 1         ; no              ; no         ; no            ; no       ; Off          ; 2.5 V        ; Default          ; Series 50 Ohm without Calibration ; --                        ; no                         ; no                          ; 0                   ; Off                         ; Fitter               ; -                    ; -                   ;
; rd2[16] ; AA19  ; 4A       ; 62           ; 0            ; 51           ; no              ; no                     ; 1         ; no              ; no         ; no            ; no       ; Off          ; 2.5 V        ; Default          ; Series 50 Ohm without Calibration ; --                        ; no                         ; no                          ; 0                   ; Off                         ; Fitter               ; -                    ; -                   ;
; rd2[17] ; T15   ; 5A       ; 89           ; 6            ; 3            ; no              ; no                     ; 1         ; no              ; no         ; no            ; no       ; Off          ; 2.5 V        ; Default          ; Series 50 Ohm without Calibration ; --                        ; no                         ; no                          ; 0                   ; Off                         ; Fitter               ; -                    ; -                   ;
; rd2[18] ; U6    ; 3A       ; 6            ; 0            ; 51           ; no              ; no                     ; 1         ; no              ; no         ; no            ; no       ; Off          ; 2.5 V        ; Default          ; Series 50 Ohm without Calibration ; --                        ; no                         ; no                          ; 0                   ; Off                         ; Fitter               ; -                    ; -                   ;
; rd2[19] ; T19   ; 5A       ; 89           ; 4            ; 77           ; no              ; no                     ; 1         ; no              ; no         ; no            ; no       ; Off          ; 2.5 V        ; Default          ; Series 50 Ohm without Calibration ; --                        ; no                         ; no                          ; 0                   ; Off                         ; Fitter               ; -                    ; -                   ;
; rd2[1]  ; W16   ; 4A       ; 64           ; 0            ; 0            ; no              ; no                     ; 1         ; no              ; no         ; no            ; no       ; Off          ; 2.5 V        ; Default          ; Series 50 Ohm without Calibration ; --                        ; no                         ; no                          ; 0                   ; Off                         ; Fitter               ; -                    ; -                   ;
; rd2[20] ; D7    ; 8A       ; 28           ; 81           ; 34           ; no              ; no                     ; 1         ; no              ; no         ; no            ; no       ; Off          ; 2.5 V        ; Default          ; Series 50 Ohm without Calibration ; --                        ; no                         ; no                          ; 0                   ; Off                         ; Fitter               ; -                    ; -                   ;
; rd2[21] ; AA14  ; 4A       ; 52           ; 0            ; 51           ; no              ; no                     ; 1         ; no              ; no         ; no            ; no       ; Off          ; 2.5 V        ; Default          ; Series 50 Ohm without Calibration ; --                        ; no                         ; no                          ; 0                   ; Off                         ; Fitter               ; -                    ; -                   ;
; rd2[22] ; AB22  ; 4A       ; 64           ; 0            ; 51           ; no              ; no                     ; 1         ; no              ; no         ; no            ; no       ; Off          ; 2.5 V        ; Default          ; Series 50 Ohm without Calibration ; --                        ; no                         ; no                          ; 0                   ; Off                         ; Fitter               ; -                    ; -                   ;
; rd2[23] ; T22   ; 5A       ; 89           ; 6            ; 37           ; no              ; no                     ; 1         ; no              ; no         ; no            ; no       ; Off          ; 2.5 V        ; Default          ; Series 50 Ohm without Calibration ; --                        ; no                         ; no                          ; 0                   ; Off                         ; Fitter               ; -                    ; -                   ;
; rd2[24] ; T13   ; 4A       ; 52           ; 0            ; 0            ; no              ; no                     ; 1         ; no              ; no         ; no            ; no       ; Off          ; 2.5 V        ; Default          ; Series 50 Ohm without Calibration ; --                        ; no                         ; no                          ; 0                   ; Off                         ; Fitter               ; -                    ; -                   ;
; rd2[25] ; V6    ; 3A       ; 6            ; 0            ; 34           ; no              ; no                     ; 1         ; no              ; no         ; no            ; no       ; Off          ; 2.5 V        ; Default          ; Series 50 Ohm without Calibration ; --                        ; no                         ; no                          ; 0                   ; Off                         ; Fitter               ; -                    ; -                   ;
; rd2[26] ; U11   ; 3B       ; 36           ; 0            ; 17           ; no              ; no                     ; 1         ; no              ; no         ; no            ; no       ; Off          ; 2.5 V        ; Default          ; Series 50 Ohm without Calibration ; --                        ; no                         ; no                          ; 0                   ; Off                         ; Fitter               ; -                    ; -                   ;
; rd2[27] ; AA15  ; 4A       ; 54           ; 0            ; 34           ; no              ; no                     ; 1         ; no              ; no         ; no            ; no       ; Off          ; 2.5 V        ; Default          ; Series 50 Ohm without Calibration ; --                        ; no                         ; no                          ; 0                   ; Off                         ; Fitter               ; -                    ; -                   ;
; rd2[28] ; T17   ; 5A       ; 89           ; 4            ; 60           ; no              ; no                     ; 1         ; no              ; no         ; no            ; no       ; Off          ; 2.5 V        ; Default          ; Series 50 Ohm without Calibration ; --                        ; no                         ; no                          ; 0                   ; Off                         ; Fitter               ; -                    ; -                   ;
; rd2[29] ; V18   ; 4A       ; 70           ; 0            ; 0            ; no              ; no                     ; 1         ; no              ; no         ; no            ; no       ; Off          ; 2.5 V        ; Default          ; Series 50 Ohm without Calibration ; --                        ; no                         ; no                          ; 0                   ; Off                         ; Fitter               ; -                    ; -                   ;
; rd2[2]  ; Y17   ; 4A       ; 58           ; 0            ; 40           ; no              ; no                     ; 1         ; no              ; no         ; no            ; no       ; Off          ; 2.5 V        ; Default          ; Series 50 Ohm without Calibration ; --                        ; no                         ; no                          ; 0                   ; Off                         ; Fitter               ; -                    ; -                   ;
; rd2[30] ; AA22  ; 4A       ; 64           ; 0            ; 34           ; no              ; no                     ; 1         ; no              ; no         ; no            ; no       ; Off          ; 2.5 V        ; Default          ; Series 50 Ohm without Calibration ; --                        ; no                         ; no                          ; 0                   ; Off                         ; Fitter               ; -                    ; -                   ;
; rd2[31] ; T14   ; 4A       ; 60           ; 0            ; 17           ; no              ; no                     ; 1         ; no              ; no         ; no            ; no       ; Off          ; 2.5 V        ; Default          ; Series 50 Ohm without Calibration ; --                        ; no                         ; no                          ; 0                   ; Off                         ; Fitter               ; -                    ; -                   ;
; rd2[3]  ; V19   ; 4A       ; 70           ; 0            ; 17           ; no              ; no                     ; 1         ; no              ; no         ; no            ; no       ; Off          ; 2.5 V        ; Default          ; Series 50 Ohm without Calibration ; --                        ; no                         ; no                          ; 0                   ; Off                         ; Fitter               ; -                    ; -                   ;
; rd2[4]  ; A9    ; 8A       ; 36           ; 81           ; 51           ; no              ; no                     ; 1         ; no              ; no         ; no            ; no       ; Off          ; 2.5 V        ; Default          ; Series 50 Ohm without Calibration ; --                        ; no                         ; no                          ; 0                   ; Off                         ; Fitter               ; -                    ; -                   ;
; rd2[5]  ; P6    ; 3A       ; 4            ; 0            ; 17           ; no              ; no                     ; 1         ; no              ; no         ; no            ; no       ; Off          ; 2.5 V        ; Default          ; Series 50 Ohm without Calibration ; --                        ; no                         ; no                          ; 0                   ; Off                         ; Fitter               ; -                    ; -                   ;
; rd2[6]  ; AB15  ; 4A       ; 54           ; 0            ; 51           ; no              ; no                     ; 1         ; no              ; no         ; no            ; no       ; Off          ; 2.5 V        ; Default          ; Series 50 Ohm without Calibration ; --                        ; no                         ; no                          ; 0                   ; Off                         ; Fitter               ; -                    ; -                   ;
; rd2[7]  ; R22   ; 5A       ; 89           ; 6            ; 54           ; no              ; no                     ; 1         ; no              ; no         ; no            ; no       ; Off          ; 2.5 V        ; Default          ; Series 50 Ohm without Calibration ; --                        ; no                         ; no                          ; 0                   ; Off                         ; Fitter               ; -                    ; -                   ;
; rd2[8]  ; U21   ; 4A       ; 72           ; 0            ; 51           ; no              ; no                     ; 1         ; no              ; no         ; no            ; no       ; Off          ; 2.5 V        ; Default          ; Series 50 Ohm without Calibration ; --                        ; no                         ; no                          ; 0                   ; Off                         ; Fitter               ; -                    ; -                   ;
; rd2[9]  ; W22   ; 4A       ; 66           ; 0            ; 74           ; no              ; no                     ; 1         ; no              ; no         ; no            ; no       ; Off          ; 2.5 V        ; Default          ; Series 50 Ohm without Calibration ; --                        ; no                         ; no                          ; 0                   ; Off                         ; Fitter               ; -                    ; -                   ;
+---------+-------+----------+--------------+--------------+--------------+-----------------+------------------------+-----------+-----------------+------------+---------------+----------+--------------+--------------+------------------+-----------------------------------+---------------------------+----------------------------+-----------------------------+---------------------+-----------------------------+----------------------+----------------------+---------------------+


+-----------------------------------------------------------------------------+
; I/O Bank Usage                                                              ;
+----------+-------------------+---------------+--------------+---------------+
; I/O Bank ; Usage             ; VCCIO Voltage ; VREF Voltage ; VCCPD Voltage ;
+----------+-------------------+---------------+--------------+---------------+
; B2L      ; 0 / 0 ( -- )      ; --            ; --           ; --            ;
; B1L      ; 0 / 14 ( 0 % )    ; --            ; --           ; --            ;
; B0L      ; 0 / 14 ( 0 % )    ; --            ; --           ; --            ;
; 3A       ; 15 / 16 ( 94 % )  ; 2.5V          ; --           ; 2.5V          ;
; 3B       ; 32 / 32 ( 100 % ) ; 2.5V          ; --           ; 2.5V          ;
; 4A       ; 47 / 48 ( 98 % )  ; 2.5V          ; --           ; 2.5V          ;
; 5A       ; 11 / 16 ( 69 % )  ; 2.5V          ; --           ; 2.5V          ;
; 5B       ; 5 / 16 ( 31 % )   ; 2.5V          ; --           ; 2.5V          ;
; 7A       ; 18 / 80 ( 23 % )  ; 2.5V          ; --           ; 2.5V          ;
; 8A       ; 15 / 32 ( 47 % )  ; 2.5V          ; --           ; 2.5V          ;
+----------+-------------------+---------------+--------------+---------------+


+-----------------------------------------------------------------------------------------------------------------------------------------------------------------------------+
; All Package Pins                                                                                                                                                            ;
+----------+------------+----------+---------------------------------+--------+--------------+---------------------+--------------+-----------------+----------+--------------+
; Location ; Pad Number ; I/O Bank ; Pin Name/Usage                  ; Dir.   ; I/O Standard ; Voltage             ; I/O Type     ; User Assignment ; Bus Hold ; Weak Pull Up ;
+----------+------------+----------+---------------------------------+--------+--------------+---------------------+--------------+-----------------+----------+--------------+
; A1       ;            ;          ; RREF                            ;        ;              ;                     ; --           ;                 ; --       ; --           ;
; A2       ; 538        ; 9A       ; ^MSEL2                          ;        ;              ;                     ; --           ;                 ; --       ; --           ;
; A3       ;            ; --       ; VCCBAT                          ; power  ;              ; 1.2V                ; --           ;                 ; --       ; --           ;
; A4       ; 540        ; 9A       ; ^nCONFIG                        ;        ;              ;                     ; --           ;                 ; --       ; --           ;
; A5       ; 466        ; 8A       ; rd2[10]                         ; output ; 2.5 V        ;                     ; Column I/O   ; N               ; no       ; Off          ;
; A6       ;            ; 8A       ; VCCIO8A                         ; power  ;              ; 2.5V                ; --           ;                 ; --       ; --           ;
; A7       ; 475        ; 8A       ; rd1[1]                          ; output ; 2.5 V        ;                     ; Column I/O   ; N               ; no       ; Off          ;
; A8       ; 473        ; 8A       ; RESERVED_INPUT_WITH_WEAK_PULLUP ;        ;              ;                     ; Column I/O   ;                 ; no       ; On           ;
; A9       ; 464        ; 8A       ; rd2[4]                          ; output ; 2.5 V        ;                     ; Column I/O   ; N               ; no       ; Off          ;
; A10      ; 462        ; 8A       ; RESERVED_INPUT_WITH_WEAK_PULLUP ;        ;              ;                     ; Column I/O   ;                 ; no       ; On           ;
; A11      ;            ;          ; GND                             ; gnd    ;              ;                     ; --           ;                 ; --       ; --           ;
; A12      ; 444        ; 7A       ; RESERVED_INPUT_WITH_WEAK_PULLUP ;        ;              ;                     ; Column I/O   ;                 ; no       ; On           ;
; A13      ; 432        ; 7A       ; RESERVED_INPUT_WITH_WEAK_PULLUP ;        ;              ;                     ; Column I/O   ;                 ; no       ; On           ;
; A14      ; 420        ; 7A       ; RESERVED_INPUT_WITH_WEAK_PULLUP ;        ;              ;                     ; Column I/O   ;                 ; no       ; On           ;
; A15      ; 418        ; 7A       ; RESERVED_INPUT_WITH_WEAK_PULLUP ;        ;              ;                     ; Column I/O   ;                 ; no       ; On           ;
; A16      ;            ; 7A       ; VCCIO7A                         ; power  ;              ; 2.5V                ; --           ;                 ; --       ; --           ;
; A17      ; 403        ; 7A       ; RESERVED_INPUT_WITH_WEAK_PULLUP ;        ;              ;                     ; Column I/O   ;                 ; no       ; On           ;
; A18      ; 401        ; 7A       ; RESERVED_INPUT_WITH_WEAK_PULLUP ;        ;              ;                     ; Column I/O   ;                 ; no       ; On           ;
; A19      ; 404        ; 7A       ; RESERVED_INPUT_WITH_WEAK_PULLUP ;        ;              ;                     ; Column I/O   ;                 ; no       ; On           ;
; A20      ; 402        ; 7A       ; RESERVED_INPUT_WITH_WEAK_PULLUP ;        ;              ;                     ; Column I/O   ;                 ; no       ; On           ;
; A21      ;            ;          ; GND                             ; gnd    ;              ;                     ; --           ;                 ; --       ; --           ;
; A22      ; 396        ; 7A       ; r15[10]                         ; input  ; 2.5 V        ;                     ; Column I/O   ; N               ; no       ; Off          ;
; AA1      ; 39         ; B0L      ; GND                             ;        ;              ;                     ; --           ;                 ; --       ; --           ;
; AA2      ; 38         ; B0L      ; GND                             ;        ;              ;                     ; --           ;                 ; --       ; --           ;
; AA3      ;            ;          ; GND                             ; gnd    ;              ;                     ; --           ;                 ; --       ; --           ;
; AA4      ;            ;          ; GND                             ; gnd    ;              ;                     ; --           ;                 ; --       ; --           ;
; AA5      ; 47         ; 3A       ; ^AS_DATA2, DATA2                ;        ;              ;                     ; Weak Pull Up ;                 ; --       ; On           ;
; AA6      ;            ;          ; GND                             ; gnd    ;              ;                     ; --           ;                 ; --       ; --           ;
; AA7      ; 105        ; 3B       ; a2[1]                           ; input  ; 2.5 V        ;                     ; Column I/O   ; N               ; no       ; Off          ;
; AA8      ; 108        ; 3B       ; a1[3]                           ; input  ; 2.5 V        ;                     ; Column I/O   ; N               ; no       ; Off          ;
; AA9      ; 115        ; 3B       ; wd3[10]                         ; input  ; 2.5 V        ;                     ; Column I/O   ; N               ; no       ; Off          ;
; AA10     ; 113        ; 3B       ; a1[1]                           ; input  ; 2.5 V        ;                     ; Column I/O   ; N               ; no       ; Off          ;
; AA11     ;            ;          ; GND                             ; gnd    ;              ;                     ; --           ;                 ; --       ; --           ;
; AA12     ; 131        ; 3B       ; wd3[25]                         ; input  ; 2.5 V        ;                     ; Column I/O   ; N               ; no       ; Off          ;
; AA13     ; 139        ; 4A       ; rd1[28]                         ; output ; 2.5 V        ;                     ; Column I/O   ; N               ; no       ; Off          ;
; AA14     ; 137        ; 4A       ; rd2[21]                         ; output ; 2.5 V        ;                     ; Column I/O   ; N               ; no       ; Off          ;
; AA15     ; 142        ; 4A       ; rd2[27]                         ; output ; 2.5 V        ;                     ; Column I/O   ; N               ; no       ; Off          ;
; AA16     ;            ; 4A       ; VCCIO4A                         ; power  ;              ; 2.5V                ; --           ;                 ; --       ; --           ;
; AA17     ; 153        ; 4A       ; rd1[23]                         ; output ; 2.5 V        ;                     ; Column I/O   ; N               ; no       ; Off          ;
; AA18     ; 155        ; 4A       ; wd3[0]                          ; input  ; 2.5 V        ;                     ; Column I/O   ; N               ; no       ; Off          ;
; AA19     ; 156        ; 4A       ; rd2[16]                         ; output ; 2.5 V        ;                     ; Column I/O   ; N               ; no       ; Off          ;
; AA20     ; 158        ; 4A       ; rd1[18]                         ; output ; 2.5 V        ;                     ; Column I/O   ; N               ; no       ; Off          ;
; AA21     ;            ; 4A       ; VCCIO4A                         ; power  ;              ; 2.5V                ; --           ;                 ; --       ; --           ;
; AA22     ; 163        ; 4A       ; rd2[30]                         ; output ; 2.5 V        ;                     ; Column I/O   ; N               ; no       ; Off          ;
; AB1      ;            ;          ; GND                             ; gnd    ;              ;                     ; --           ;                 ; --       ; --           ;
; AB2      ;            ;          ; GND                             ; gnd    ;              ;                     ; --           ;                 ; --       ; --           ;
; AB3      ; 49         ; 3A       ; ^AS_DATA1, DATA1                ;        ;              ;                     ; Weak Pull Up ;                 ; --       ; On           ;
; AB4      ; 51         ; 3A       ; ^AS_DATA0, ASDO, DATA0          ;        ;              ;                     ; Weak Pull Up ;                 ; --       ; On           ;
; AB5      ; 102        ; 3B       ; wd3[5]                          ; input  ; 2.5 V        ;                     ; Column I/O   ; N               ; no       ; Off          ;
; AB6      ; 100        ; 3B       ; wd3[3]                          ; input  ; 2.5 V        ;                     ; Column I/O   ; N               ; no       ; Off          ;
; AB7      ; 107        ; 3B       ; a1[2]                           ; input  ; 2.5 V        ;                     ; Column I/O   ; N               ; no       ; Off          ;
; AB8      ; 110        ; 3B       ; a2[2]                           ; input  ; 2.5 V        ;                     ; Column I/O   ; N               ; no       ; Off          ;
; AB9      ;            ;          ; GND                             ; gnd    ;              ;                     ; --           ;                 ; --       ; --           ;
; AB10     ; 124        ; 3B       ; wd3[8]                          ; input  ; 2.5 V        ;                     ; Column I/O   ; N               ; no       ; Off          ;
; AB11     ; 126        ; 3B       ; a2[0]                           ; input  ; 2.5 V        ;                     ; Column I/O   ; N               ; no       ; Off          ;
; AB12     ; 134        ; 4A       ; wd3[18]                         ; input  ; 2.5 V        ;                     ; Column I/O   ; N               ; no       ; Off          ;
; AB13     ; 132        ; 4A       ; wd3[27]                         ; input  ; 2.5 V        ;                     ; Column I/O   ; N               ; no       ; Off          ;
; AB14     ;            ;          ; GND                             ; gnd    ;              ;                     ; --           ;                 ; --       ; --           ;
; AB15     ; 140        ; 4A       ; rd2[6]                          ; output ; 2.5 V        ;                     ; Column I/O   ; N               ; no       ; Off          ;
; AB16     ;            ; 4A       ; VREFB4AN0                       ; power  ;              ;                     ; --           ;                 ; --       ; --           ;
; AB17     ; 145        ; 4A       ; wd3[16]                         ; input  ; 2.5 V        ;                     ; Column I/O   ; N               ; no       ; Off          ;
; AB18     ; 147        ; 4A       ; rd2[0]                          ; output ; 2.5 V        ;                     ; Column I/O   ; N               ; no       ; Off          ;
; AB19     ;            ;          ; GND                             ; gnd    ;              ;                     ; --           ;                 ; --       ; --           ;
; AB20     ; 148        ; 4A       ; rd1[24]                         ; output ; 2.5 V        ;                     ; Column I/O   ; N               ; no       ; Off          ;
; AB21     ; 150        ; 4A       ; rd1[30]                         ; output ; 2.5 V        ;                     ; Column I/O   ; N               ; no       ; Off          ;
; AB22     ; 161        ; 4A       ; rd2[22]                         ; output ; 2.5 V        ;                     ; Column I/O   ; N               ; no       ; Off          ;
; B1       ;            ;          ; GND                             ; gnd    ;              ;                     ; --           ;                 ; --       ; --           ;
; B2       ;            ;          ; GND                             ; gnd    ;              ;                     ; --           ;                 ; --       ; --           ;
; B3       ;            ;          ; DNU                             ;        ;              ;                     ; --           ;                 ; --       ; --           ;
; B4       ;            ;          ; DNU                             ;        ;              ;                     ; --           ;                 ; --       ; --           ;
; B5       ; 468        ; 8A       ; RESERVED_INPUT_WITH_WEAK_PULLUP ;        ;              ;                     ; Column I/O   ;                 ; no       ; On           ;
; B6       ; 470        ; 8A       ; RESERVED_INPUT_WITH_WEAK_PULLUP ;        ;              ;                     ; Column I/O   ;                 ; no       ; On           ;
; B7       ; 472        ; 8A       ; r15[22]                         ; input  ; 2.5 V        ;                     ; Column I/O   ; N               ; no       ; Off          ;
; B8       ;            ; 8A       ; VREFB8AN0                       ; power  ;              ;                     ; --           ;                 ; --       ; --           ;
; B9       ;            ;          ; GND                             ; gnd    ;              ;                     ; --           ;                 ; --       ; --           ;
; B10      ; 465        ; 8A       ; r15[3]                          ; input  ; 2.5 V        ;                     ; Column I/O   ; N               ; no       ; Off          ;
; B11      ; 452        ; 7A       ; RESERVED_INPUT_WITH_WEAK_PULLUP ;        ;              ;                     ; Column I/O   ;                 ; no       ; On           ;
; B12      ; 442        ; 7A       ; RESERVED_INPUT_WITH_WEAK_PULLUP ;        ;              ;                     ; Column I/O   ;                 ; no       ; On           ;
; B13      ; 430        ; 7A       ; RESERVED_INPUT_WITH_WEAK_PULLUP ;        ;              ;                     ; Column I/O   ;                 ; no       ; On           ;
; B14      ;            ;          ; GND                             ; gnd    ;              ;                     ; --           ;                 ; --       ; --           ;
; B15      ; 427        ; 7A       ; RESERVED_INPUT_WITH_WEAK_PULLUP ;        ;              ;                     ; Column I/O   ;                 ; no       ; On           ;
; B16      ; 406        ; 7A       ; r15[18]                         ; input  ; 2.5 V        ;                     ; Column I/O   ; N               ; no       ; Off          ;
; B17      ; 384        ; 7A       ; RESERVED_INPUT_WITH_WEAK_PULLUP ;        ;              ;                     ; Column I/O   ;                 ; no       ; On           ;
; B18      ; 382        ; 7A       ; RESERVED_INPUT_WITH_WEAK_PULLUP ;        ;              ;                     ; Column I/O   ;                 ; no       ; On           ;
; B19      ;            ; 7A       ; VCCIO7A                         ; power  ;              ; 2.5V                ; --           ;                 ; --       ; --           ;
; B20      ; 380        ; 7A       ; RESERVED_INPUT_WITH_WEAK_PULLUP ;        ;              ;                     ; Column I/O   ;                 ; no       ; On           ;
; B21      ; 387        ; 7A       ; RESERVED_INPUT_WITH_WEAK_PULLUP ;        ;              ;                     ; Column I/O   ;                 ; no       ; On           ;
; B22      ; 394        ; 7A       ; RESERVED_INPUT_WITH_WEAK_PULLUP ;        ;              ;                     ; Column I/O   ;                 ; no       ; On           ;
; C1       ; 19         ; B1L      ; GND                             ;        ;              ;                     ; --           ;                 ; --       ; --           ;
; C2       ; 18         ; B1L      ; GND                             ;        ;              ;                     ; --           ;                 ; --       ; --           ;
; C3       ;            ;          ; GND                             ; gnd    ;              ;                     ; --           ;                 ; --       ; --           ;
; C4       ;            ;          ; GND                             ; gnd    ;              ;                     ; --           ;                 ; --       ; --           ;
; C5       ; 542        ; 9A       ; ^GND                            ;        ;              ;                     ; --           ;                 ; --       ; --           ;
; C6       ; 474        ; 8A       ; RESERVED_INPUT_WITH_WEAK_PULLUP ;        ;              ;                     ; Column I/O   ;                 ; no       ; On           ;
; C7       ;            ; 8A       ; VCCIO8A                         ; power  ;              ; 2.5V                ; --           ;                 ; --       ; --           ;
; C8       ; 480        ; 8A       ; RESERVED_INPUT_WITH_WEAK_PULLUP ;        ;              ;                     ; Column I/O   ;                 ; no       ; On           ;
; C9       ; 467        ; 8A       ; r15[6]                          ; input  ; 2.5 V        ;                     ; Column I/O   ; N               ; no       ; Off          ;
; C10      ;            ; 7A, 8A   ; VCCPD7A8A                       ; power  ;              ; 2.5V                ; --           ;                 ; --       ; --           ;
; C11      ; 450        ; 7A       ; RESERVED_INPUT_WITH_WEAK_PULLUP ;        ;              ;                     ; Column I/O   ;                 ; no       ; On           ;
; C12      ;            ; 7A       ; VCCIO7A                         ; power  ;              ; 2.5V                ; --           ;                 ; --       ; --           ;
; C13      ; 443        ; 7A       ; RESERVED_INPUT_WITH_WEAK_PULLUP ;        ;              ;                     ; Column I/O   ;                 ; no       ; On           ;
; C14      ;            ; 7A       ; VREFB7AN0                       ; power  ;              ;                     ; --           ;                 ; --       ; --           ;
; C15      ; 425        ; 7A       ; RESERVED_INPUT_WITH_WEAK_PULLUP ;        ;              ;                     ; Column I/O   ;                 ; no       ; On           ;
; C16      ; 408        ; 7A       ; RESERVED_INPUT_WITH_WEAK_PULLUP ;        ;              ;                     ; Column I/O   ;                 ; no       ; On           ;
; C17      ;            ;          ; GND                             ; gnd    ;              ;                     ; --           ;                 ; --       ; --           ;
; C18      ; 395        ; 7A       ; r15[19]                         ; input  ; 2.5 V        ;                     ; Column I/O   ; N               ; no       ; Off          ;
; C19      ; 393        ; 7A       ; RESERVED_INPUT_WITH_WEAK_PULLUP ;        ;              ;                     ; Column I/O   ;                 ; no       ; On           ;
; C20      ; 378        ; 7A       ; r15[17]                         ; input  ; 2.5 V        ;                     ; Column I/O   ; N               ; no       ; Off          ;
; C21      ; 385        ; 7A       ; RESERVED_INPUT_WITH_WEAK_PULLUP ;        ;              ;                     ; Column I/O   ;                 ; no       ; On           ;
; C22      ;            ; 7A       ; VCCIO7A                         ; power  ;              ; 2.5V                ; --           ;                 ; --       ; --           ;
; D1       ;            ;          ; GND                             ; gnd    ;              ;                     ; --           ;                 ; --       ; --           ;
; D2       ;            ;          ; GND                             ; gnd    ;              ;                     ; --           ;                 ; --       ; --           ;
; D3       ; 16         ; B1L      ; GXB_NC                          ;        ;              ;                     ; --           ;                 ; --       ; --           ;
; D4       ; 17         ; B1L      ; GXB_NC                          ;        ;              ;                     ; --           ;                 ; --       ; --           ;
; D5       ;            ;          ; GND                             ; gnd    ;              ;                     ; --           ;                 ; --       ; --           ;
; D6       ; 476        ; 8A       ; RESERVED_INPUT_WITH_WEAK_PULLUP ;        ;              ;                     ; Column I/O   ;                 ; no       ; On           ;
; D7       ; 478        ; 8A       ; rd2[20]                         ; output ; 2.5 V        ;                     ; Column I/O   ; N               ; no       ; Off          ;
; D8       ;            ; 7A, 8A   ; VCCPD7A8A                       ; power  ;              ; 2.5V                ; --           ;                 ; --       ; --           ;
; D9       ; 479        ; 8A       ; RESERVED_INPUT_WITH_WEAK_PULLUP ;        ;              ;                     ; Column I/O   ;                 ; no       ; On           ;
; D10      ;            ;          ; GND                             ; gnd    ;              ;                     ; --           ;                 ; --       ; --           ;
; D11      ;            ; --       ; VCC_AUX                         ; power  ;              ; 2.5V                ; --           ;                 ; --       ; --           ;
; D12      ; 449        ; 7A       ; r15[16]                         ; input  ; 2.5 V        ;                     ; Column I/O   ; N               ; no       ; Off          ;
; D13      ; 441        ; 7A       ; RESERVED_INPUT_WITH_WEAK_PULLUP ;        ;              ;                     ; Column I/O   ;                 ; no       ; On           ;
; D14      ;            ; 7A, 8A   ; VCCPD7A8A                       ; power  ;              ; 2.5V                ; --           ;                 ; --       ; --           ;
; D15      ;            ; 7A       ; VCCIO7A                         ; power  ;              ; 2.5V                ; --           ;                 ; --       ; --           ;
; D16      ;            ; 7A, 8A   ; VCCPD7A8A                       ; power  ;              ; 2.5V                ; --           ;                 ; --       ; --           ;
; D17      ; 409        ; 7A       ; r15[0]                          ; input  ; 2.5 V        ;                     ; Column I/O   ; N               ; no       ; Off          ;
; D18      ;            ; --       ; VCC_AUX                         ; power  ;              ; 2.5V                ; --           ;                 ; --       ; --           ;
; D19      ; 379        ; 7A       ; r15[13]                         ; input  ; 2.5 V        ;                     ; Column I/O   ; N               ; no       ; Off          ;
; D20      ;            ;          ; GND                             ; gnd    ;              ;                     ; --           ;                 ; --       ; --           ;
; D21      ; 376        ; 7A       ; RESERVED_INPUT_WITH_WEAK_PULLUP ;        ;              ;                     ; Column I/O   ;                 ; no       ; On           ;
; D22      ; 392        ; 7A       ; RESERVED_INPUT_WITH_WEAK_PULLUP ;        ;              ;                     ; Column I/O   ;                 ; no       ; On           ;
; E1       ; 20         ; B1L      ; GXB_NC                          ;        ;              ;                     ; --           ;                 ; --       ; --           ;
; E2       ; 21         ; B1L      ; GXB_NC                          ;        ;              ;                     ; --           ;                 ; --       ; --           ;
; E3       ;            ;          ; GND                             ; gnd    ;              ;                     ; --           ;                 ; --       ; --           ;
; E4       ;            ;          ; GND                             ; gnd    ;              ;                     ; --           ;                 ; --       ; --           ;
; E5       ; 539        ; 9A       ; ^MSEL3                          ;        ;              ;                     ; --           ;                 ; --       ; --           ;
; E6       ;            ; --       ; VCC_AUX                         ; power  ;              ; 2.5V                ; --           ;                 ; --       ; --           ;
; E7       ; 484        ; 8A       ; RESERVED_INPUT_WITH_WEAK_PULLUP ;        ;              ;                     ; Column I/O   ;                 ; no       ; On           ;
; E8       ;            ; 8A       ; VCCIO8A                         ; power  ;              ; 2.5V                ; --           ;                 ; --       ; --           ;
; E9       ; 477        ; 8A       ; RESERVED_INPUT_WITH_WEAK_PULLUP ;        ;              ;                     ; Column I/O   ;                 ; no       ; On           ;
; E10      ; 469        ; 8A       ; r15[12]                         ; input  ; 2.5 V        ;                     ; Column I/O   ; N               ; no       ; Off          ;
; E11      ;            ; 7A, 8A   ; VCCPD7A8A                       ; power  ;              ; 2.5V                ; --           ;                 ; --       ; --           ;
; E12      ; 451        ; 7A       ; RESERVED_INPUT_WITH_WEAK_PULLUP ;        ;              ;                     ; Column I/O   ;                 ; no       ; On           ;
; E13      ;            ;          ; GND                             ; gnd    ;              ;                     ; --           ;                 ; --       ; --           ;
; E14      ; 433        ; 7A       ; RESERVED_INPUT_WITH_WEAK_PULLUP ;        ;              ;                     ; Column I/O   ;                 ; no       ; On           ;
; E15      ; 417        ; 7A       ; RESERVED_INPUT_WITH_WEAK_PULLUP ;        ;              ;                     ; Column I/O   ;                 ; no       ; On           ;
; E16      ; 411        ; 7A       ; RESERVED_INPUT_WITH_WEAK_PULLUP ;        ;              ;                     ; Column I/O   ;                 ; no       ; On           ;
; E17      ;            ;          ; DNU                             ;        ;              ;                     ; --           ;                 ; --       ; --           ;
; E18      ;            ; 7A       ; VCCIO7A                         ; power  ;              ; 2.5V                ; --           ;                 ; --       ; --           ;
; E19      ; 377        ; 7A       ; r15[8]                          ; input  ; 2.5 V        ;                     ; Column I/O   ; N               ; no       ; Off          ;
; E20      ; 398        ; 7A       ; RESERVED_INPUT_WITH_WEAK_PULLUP ;        ;              ;                     ; Column I/O   ;                 ; no       ; On           ;
; E21      ; 374        ; 7A       ; RESERVED_INPUT_WITH_WEAK_PULLUP ;        ;              ;                     ; Column I/O   ;                 ; no       ; On           ;
; E22      ; 390        ; 7A       ; RESERVED_INPUT_WITH_WEAK_PULLUP ;        ;              ;                     ; Column I/O   ;                 ; no       ; On           ;
; F1       ;            ;          ; GND                             ; gnd    ;              ;                     ; --           ;                 ; --       ; --           ;
; F2       ;            ;          ; GND                             ; gnd    ;              ;                     ; --           ;                 ; --       ; --           ;
; F3       ; 541        ; 9A       ; ^MSEL4                          ;        ;              ;                     ; --           ;                 ; --       ; --           ;
; F4       ;            ; --       ; VCCA_FPLL                       ; power  ;              ; 2.5V                ; --           ;                 ; --       ; --           ;
; F5       ; 14         ; B1L      ; GND                             ;        ;              ;                     ; Row I/O      ;                 ; --       ; --           ;
; F6       ;            ;          ; GND                             ; gnd    ;              ;                     ; --           ;                 ; --       ; --           ;
; F7       ; 482        ; 8A       ; r15[21]                         ; input  ; 2.5 V        ;                     ; Column I/O   ; N               ; no       ; Off          ;
; F8       ;            ; --       ; VCCPGM                          ; power  ;              ; 1.8V/2.5V/3.0V/3.3V ; --           ;                 ; --       ; --           ;
; F9       ; 471        ; 8A       ; RESERVED_INPUT_WITH_WEAK_PULLUP ;        ;              ;                     ; Column I/O   ;                 ; no       ; On           ;
; F10      ; 455        ; 8A       ; r15[2]                          ; input  ; 2.5 V        ;                     ; Column I/O   ; N               ; no       ; Off          ;
; F11      ;            ; 7A       ; VCCIO7A                         ; power  ;              ; 2.5V                ; --           ;                 ; --       ; --           ;
; F12      ; 440        ; 7A       ; RESERVED_INPUT_WITH_WEAK_PULLUP ;        ;              ;                     ; Column I/O   ;                 ; no       ; On           ;
; F13      ; 435        ; 7A       ; r15[31]                         ; input  ; 2.5 V        ;                     ; Column I/O   ; N               ; no       ; Off          ;
; F14      ; 428        ; 7A       ; RESERVED_INPUT_WITH_WEAK_PULLUP ;        ;              ;                     ; Column I/O   ;                 ; no       ; On           ;
; F15      ; 419        ; 7A       ; RESERVED_INPUT_WITH_WEAK_PULLUP ;        ;              ;                     ; Column I/O   ;                 ; no       ; On           ;
; F16      ;            ;          ; GND                             ; gnd    ;              ;                     ; --           ;                 ; --       ; --           ;
; F17      ; 372        ; 7A       ; ^GND                            ;        ;              ;                     ; --           ;                 ; --       ; --           ;
; F18      ; 399        ; 7A       ; RESERVED_INPUT_WITH_WEAK_PULLUP ;        ;              ;                     ; Column I/O   ;                 ; no       ; On           ;
; F19      ; 397        ; 7A       ; RESERVED_INPUT_WITH_WEAK_PULLUP ;        ;              ;                     ; Column I/O   ;                 ; no       ; On           ;
; F20      ; 400        ; 7A       ; RESERVED_INPUT_WITH_WEAK_PULLUP ;        ;              ;                     ; Column I/O   ;                 ; no       ; On           ;
; F21      ;            ; 7A       ; VCCIO7A                         ; power  ;              ; 2.5V                ; --           ;                 ; --       ; --           ;
; F22      ; 388        ; 7A       ; r15[28]                         ; input  ; 2.5 V        ;                     ; Column I/O   ; N               ; no       ; Off          ;
; G1       ; 23         ; B1L      ; GND                             ;        ;              ;                     ; --           ;                 ; --       ; --           ;
; G2       ; 22         ; B1L      ; GND                             ;        ;              ;                     ; --           ;                 ; --       ; --           ;
; G3       ;            ;          ; GND                             ; gnd    ;              ;                     ; --           ;                 ; --       ; --           ;
; G4       ; 15         ; B1L      ; GND                             ;        ;              ;                     ; Row I/O      ;                 ; --       ; --           ;
; G5       ; 537        ; 9A       ; ^nCE                            ;        ;              ;                     ; --           ;                 ; --       ; --           ;
; G6       ; 481        ; 8A       ; RESERVED_INPUT_WITH_WEAK_PULLUP ;        ;              ;                     ; Column I/O   ;                 ; no       ; On           ;
; G7       ;            ; 8A       ; VCCIO8A                         ; power  ;              ; 2.5V                ; --           ;                 ; --       ; --           ;
; G8       ; 460        ; 8A       ; RESERVED_INPUT_WITH_WEAK_PULLUP ;        ;              ;                     ; Column I/O   ;                 ; no       ; On           ;
; G9       ;            ;          ; GND                             ; gnd    ;              ;                     ; --           ;                 ; --       ; --           ;
; G10      ; 453        ; 8A       ; rd1[27]                         ; output ; 2.5 V        ;                     ; Column I/O   ; N               ; no       ; Off          ;
; G11      ; 438        ; 7A       ; RESERVED_INPUT_WITH_WEAK_PULLUP ;        ;              ;                     ; Column I/O   ;                 ; no       ; On           ;
; G12      ; 447        ; 7A       ; r15[5]                          ; input  ; 2.5 V        ;                     ; Column I/O   ; N               ; no       ; Off          ;
; G13      ; 439        ; 7A       ; r15[30]                         ; input  ; 2.5 V        ;                     ; Column I/O   ; N               ; no       ; Off          ;
; G14      ;            ; 7A       ; VCCIO7A                         ; power  ;              ; 2.5V                ; --           ;                 ; --       ; --           ;
; G15      ; 426        ; 7A       ; RESERVED_INPUT_WITH_WEAK_PULLUP ;        ;              ;                     ; Column I/O   ;                 ; no       ; On           ;
; G16      ; 412        ; 7A       ; RESERVED_INPUT_WITH_WEAK_PULLUP ;        ;              ;                     ; Column I/O   ;                 ; no       ; On           ;
; G17      ; 410        ; 7A       ; RESERVED_INPUT_WITH_WEAK_PULLUP ;        ;              ;                     ; Column I/O   ;                 ; no       ; On           ;
; G18      ; 413        ; 7A       ; RESERVED_INPUT_WITH_WEAK_PULLUP ;        ;              ;                     ; Column I/O   ;                 ; no       ; On           ;
; G19      ;            ;          ; GND                             ; gnd    ;              ;                     ; --           ;                 ; --       ; --           ;
; G20      ; 389        ; 7A       ; RESERVED_INPUT_WITH_WEAK_PULLUP ;        ;              ;                     ; Column I/O   ;                 ; no       ; On           ;
; G21      ; 375        ; 7A       ; r15[26]                         ; input  ; 2.5 V        ;                     ; Column I/O   ; N               ; no       ; Off          ;
; G22      ; 386        ; 7A       ; RESERVED_INPUT_WITH_WEAK_PULLUP ;        ;              ;                     ; Column I/O   ;                 ; no       ; On           ;
; H1       ;            ;          ; GND                             ; gnd    ;              ;                     ; --           ;                 ; --       ; --           ;
; H2       ;            ;          ; GND                             ; gnd    ;              ;                     ; --           ;                 ; --       ; --           ;
; H3       ;            ;          ; GND                             ; gnd    ;              ;                     ; --           ;                 ; --       ; --           ;
; H4       ;            ;          ; GND                             ; gnd    ;              ;                     ; --           ;                 ; --       ; --           ;
; H5       ; 536        ; 9A       ; ^nSTATUS                        ;        ;              ;                     ; --           ;                 ; --       ; --           ;
; H6       ; 483        ; 8A       ; RESERVED_INPUT_WITH_WEAK_PULLUP ;        ;              ;                     ; Column I/O   ;                 ; no       ; On           ;
; H7       ;            ;          ; GND                             ; gnd    ;              ;                     ; --           ;                 ; --       ; --           ;
; H8       ; 458        ; 8A       ; RESERVED_INPUT_WITH_WEAK_PULLUP ;        ;              ;                     ; Column I/O   ;                 ; no       ; On           ;
; H9       ; 463        ; 8A       ; r15[23]                         ; input  ; 2.5 V        ;                     ; Column I/O   ; N               ; no       ; Off          ;
; H10      ; 436        ; 7A       ; RESERVED_INPUT_WITH_WEAK_PULLUP ;        ;              ;                     ; Column I/O   ;                 ; no       ; On           ;
; H11      ; 445        ; 7A       ; RESERVED_INPUT_WITH_WEAK_PULLUP ;        ;              ;                     ; Column I/O   ;                 ; no       ; On           ;
; H12      ;            ;          ; GND                             ; gnd    ;              ;                     ; --           ;                 ; --       ; --           ;
; H13      ; 437        ; 7A       ; r15[7]                          ; input  ; 2.5 V        ;                     ; Column I/O   ; N               ; no       ; Off          ;
; H14      ; 429        ; 7A       ; RESERVED_INPUT_WITH_WEAK_PULLUP ;        ;              ;                     ; Column I/O   ;                 ; no       ; On           ;
; H15      ; 423        ; 7A       ; RESERVED_INPUT_WITH_WEAK_PULLUP ;        ;              ;                     ; Column I/O   ;                 ; no       ; On           ;
; H16      ; 421        ; 7A       ; RESERVED_INPUT_WITH_WEAK_PULLUP ;        ;              ;                     ; Column I/O   ;                 ; no       ; On           ;
; H17      ;            ; 7A       ; VCCIO7A                         ; power  ;              ; 2.5V                ; --           ;                 ; --       ; --           ;
; H18      ; 415        ; 7A       ; RESERVED_INPUT_WITH_WEAK_PULLUP ;        ;              ;                     ; Column I/O   ;                 ; no       ; On           ;
; H19      ;            ; --       ; VCCA_FPLL                       ; power  ;              ; 2.5V                ; --           ;                 ; --       ; --           ;
; H20      ; 391        ; 7A       ; RESERVED_INPUT_WITH_WEAK_PULLUP ;        ;              ;                     ; Column I/O   ;                 ; no       ; On           ;
; H21      ; 373        ; 7A       ; RESERVED_INPUT_WITH_WEAK_PULLUP ;        ;              ;                     ; Column I/O   ;                 ; no       ; On           ;
; H22      ;            ;          ; GND                             ; gnd    ;              ;                     ; --           ;                 ; --       ; --           ;
; J1       ; 24         ; B1L      ; GXB_NC                          ;        ;              ;                     ; --           ;                 ; --       ; --           ;
; J2       ; 25         ; B1L      ; GXB_NC                          ;        ;              ;                     ; --           ;                 ; --       ; --           ;
; J3       ;            ;          ; GND                             ; gnd    ;              ;                     ; --           ;                 ; --       ; --           ;
; J4       ;            ; --       ; VCCE_GXBL                       ; power  ;              ; 1.1V                ; --           ;                 ; --       ; --           ;
; J5       ;            ;          ; GND                             ; gnd    ;              ;                     ; --           ;                 ; --       ; --           ;
; J6       ; 535        ; 9A       ; ^MSEL1                          ;        ;              ;                     ; --           ;                 ; --       ; --           ;
; J7       ; 457        ; 8A       ; rd2[15]                         ; output ; 2.5 V        ;                     ; Column I/O   ; N               ; no       ; Off          ;
; J8       ; 459        ; 8A       ; RESERVED_INPUT_WITH_WEAK_PULLUP ;        ;              ;                     ; Column I/O   ;                 ; no       ; On           ;
; J9       ; 461        ; 8A       ; r15[9]                          ; input  ; 2.5 V        ;                     ; Column I/O   ; N               ; no       ; Off          ;
; J10      ;            ; --       ; VCC                             ; power  ;              ; 1.1V                ; --           ;                 ; --       ; --           ;
; J11      ; 434        ; 7A       ; r15[14]                         ; input  ; 2.5 V        ;                     ; Column I/O   ; N               ; no       ; Off          ;
; J12      ;            ; --       ; VCC                             ; power  ;              ; 1.1V                ; --           ;                 ; --       ; --           ;
; J13      ; 431        ; 7A       ; r15[11]                         ; input  ; 2.5 V        ;                     ; Column I/O   ; N               ; no       ; Off          ;
; J14      ;            ; --       ; VCC                             ; power  ;              ; 1.1V                ; --           ;                 ; --       ; --           ;
; J15      ;            ;          ; GND                             ; gnd    ;              ;                     ; --           ;                 ; --       ; --           ;
; J16      ;            ; --       ; VCC                             ; power  ;              ; 1.1V                ; --           ;                 ; --       ; --           ;
; J17      ; 422        ; 7A       ; RESERVED_INPUT_WITH_WEAK_PULLUP ;        ;              ;                     ; Column I/O   ;                 ; no       ; On           ;
; J18      ; 416        ; 7A       ; RESERVED_INPUT_WITH_WEAK_PULLUP ;        ;              ;                     ; Column I/O   ;                 ; no       ; On           ;
; J19      ; 414        ; 7A       ; RESERVED_INPUT_WITH_WEAK_PULLUP ;        ;              ;                     ; Column I/O   ;                 ; no       ; On           ;
; J20      ;            ;          ; GND                             ; gnd    ;              ;                     ; --           ;                 ; --       ; --           ;
; J21      ; 381        ; 7A       ; RESERVED_INPUT_WITH_WEAK_PULLUP ;        ;              ;                     ; Column I/O   ;                 ; no       ; On           ;
; J22      ; 383        ; 7A       ; r15[1]                          ; input  ; 2.5 V        ;                     ; Column I/O   ; N               ; no       ; Off          ;
; K1       ;            ;          ; GND                             ; gnd    ;              ;                     ; --           ;                 ; --       ; --           ;
; K2       ;            ;          ; GND                             ; gnd    ;              ;                     ; --           ;                 ; --       ; --           ;
; K3       ;            ; --       ; VCCL_GXBL                       ; power  ;              ; 1.1V                ; --           ;                 ; --       ; --           ;
; K4       ;            ;          ; GND                             ; gnd    ;              ;                     ; --           ;                 ; --       ; --           ;
; K5       ;            ; --       ; VCCE_GXBL                       ; power  ;              ; 1.1V                ; --           ;                 ; --       ; --           ;
; K6       ; 534        ; 9A       ; ^CONF_DONE                      ;        ;              ;                     ; --           ;                 ; --       ; --           ;
; K7       ; 456        ; 8A       ; RESERVED_INPUT_WITH_WEAK_PULLUP ;        ;              ;                     ; Column I/O   ;                 ; no       ; On           ;
; K8       ;            ;          ; GND                             ; gnd    ;              ;                     ; --           ;                 ; --       ; --           ;
; K9       ; 448        ; 7A       ; RESERVED_INPUT_WITH_WEAK_PULLUP ;        ;              ;                     ; Column I/O   ;                 ; no       ; On           ;
; K10      ;            ;          ; GND                             ; gnd    ;              ;                     ; --           ;                 ; --       ; --           ;
; K11      ;            ; --       ; VCC                             ; power  ;              ; 1.1V                ; --           ;                 ; --       ; --           ;
; K12      ;            ;          ; GND                             ; gnd    ;              ;                     ; --           ;                 ; --       ; --           ;
; K13      ;            ; --       ; VCC                             ; power  ;              ; 1.1V                ; --           ;                 ; --       ; --           ;
; K14      ;            ;          ; GND                             ; gnd    ;              ;                     ; --           ;                 ; --       ; --           ;
; K15      ;            ; --       ; VCC                             ; power  ;              ; 1.1V                ; --           ;                 ; --       ; --           ;
; K16      ; 424        ; 7A       ; RESERVED_INPUT_WITH_WEAK_PULLUP ;        ;              ;                     ; Column I/O   ;                 ; no       ; On           ;
; K17      ; 284        ; 5B       ; RESERVED_INPUT_WITH_WEAK_PULLUP ;        ;              ;                     ; Row I/O      ;                 ; no       ; On           ;
; K18      ;            ; 5B       ; VCCIO5B                         ; power  ;              ; 2.5V                ; --           ;                 ; --       ; --           ;
; K19      ; 407        ; 7A       ; RESERVED_INPUT_WITH_WEAK_PULLUP ;        ;              ;                     ; Column I/O   ;                 ; no       ; On           ;
; K20      ; 405        ; 7A       ; RESERVED_INPUT_WITH_WEAK_PULLUP ;        ;              ;                     ; Column I/O   ;                 ; no       ; On           ;
; K21      ; 289        ; 5B       ; r15[20]                         ; input  ; 2.5 V        ;                     ; Row I/O      ; N               ; no       ; Off          ;
; K22      ; 291        ; 5B       ; r15[29]                         ; input  ; 2.5 V        ;                     ; Row I/O      ; N               ; no       ; Off          ;
; L1       ; 27         ; B1L      ; GND                             ;        ;              ;                     ; --           ;                 ; --       ; --           ;
; L2       ; 26         ; B1L      ; GND                             ;        ;              ;                     ; --           ;                 ; --       ; --           ;
; L3       ;            ;          ; GND                             ; gnd    ;              ;                     ; --           ;                 ; --       ; --           ;
; L4       ;            ; --       ; VCCE_GXBL                       ; power  ;              ; 1.1V                ; --           ;                 ; --       ; --           ;
; L5       ;            ;          ; GND                             ; gnd    ;              ;                     ; --           ;                 ; --       ; --           ;
; L6       ; 533        ; 9A       ; ^MSEL0                          ;        ;              ;                     ; --           ;                 ; --       ; --           ;
; L7       ; 454        ; 8A       ; rd1[11]                         ; output ; 2.5 V        ;                     ; Column I/O   ; N               ; no       ; Off          ;
; L8       ; 446        ; 7A       ; r15[27]                         ; input  ; 2.5 V        ;                     ; Column I/O   ; N               ; no       ; Off          ;
; L9       ;            ;          ; DNU                             ;        ;              ;                     ; --           ;                 ; --       ; --           ;
; L10      ;            ; --       ; VCC                             ; power  ;              ; 1.1V                ; --           ;                 ; --       ; --           ;
; L11      ;            ;          ; GND                             ; gnd    ;              ;                     ; --           ;                 ; --       ; --           ;
; L12      ;            ; --       ; VCC                             ; power  ;              ; 1.1V                ; --           ;                 ; --       ; --           ;
; L13      ;            ;          ; GND                             ; gnd    ;              ;                     ; --           ;                 ; --       ; --           ;
; L14      ;            ; --       ; VCC                             ; power  ;              ; 1.1V                ; --           ;                 ; --       ; --           ;
; L15      ;            ;          ; GND                             ; gnd    ;              ;                     ; --           ;                 ; --       ; --           ;
; L16      ;            ; --       ; VCC                             ; power  ;              ; 1.1V                ; --           ;                 ; --       ; --           ;
; L17      ; 286        ; 5B       ; RESERVED_INPUT_WITH_WEAK_PULLUP ;        ;              ;                     ; Row I/O      ;                 ; no       ; On           ;
; L18      ; 290        ; 5B       ; RESERVED_INPUT_WITH_WEAK_PULLUP ;        ;              ;                     ; Row I/O      ;                 ; no       ; On           ;
; L19      ; 288        ; 5B       ; RESERVED_INPUT_WITH_WEAK_PULLUP ;        ;              ;                     ; Row I/O      ;                 ; no       ; On           ;
; L20      ;            ; 5B       ; VREFB5BN0                       ; power  ;              ;                     ; --           ;                 ; --       ; --           ;
; L21      ;            ;          ; GND                             ; gnd    ;              ;                     ; --           ;                 ; --       ; --           ;
; L22      ; 283        ; 5B       ; RESERVED_INPUT_WITH_WEAK_PULLUP ;        ;              ;                     ; Row I/O      ;                 ; no       ; On           ;
; M1       ;            ;          ; GND                             ; gnd    ;              ;                     ; --           ;                 ; --       ; --           ;
; M2       ;            ;          ; GND                             ; gnd    ;              ;                     ; --           ;                 ; --       ; --           ;
; M3       ;            ; --       ; VCCH_GXBL                       ; power  ;              ; 2.5V                ; --           ;                 ; --       ; --           ;
; M4       ;            ;          ; GND                             ; gnd    ;              ;                     ; --           ;                 ; --       ; --           ;
; M5       ; 42         ; 3A       ; #TDO                            ; output ;              ;                     ; --           ;                 ; --       ; --           ;
; M6       ; 64         ; 3A       ; rd2[13]                         ; output ; 2.5 V        ;                     ; Column I/O   ; N               ; no       ; Off          ;
; M7       ; 66         ; 3A       ; rd1[4]                          ; output ; 2.5 V        ;                     ; Column I/O   ; N               ; no       ; Off          ;
; M8       ; 112        ; 3B       ; wd3[2]                          ; input  ; 2.5 V        ;                     ; Column I/O   ; N               ; no       ; Off          ;
; M9       ; 114        ; 3B       ; wd3[4]                          ; input  ; 2.5 V        ;                     ; Column I/O   ; N               ; no       ; Off          ;
; M10      ;            ;          ; GND                             ; gnd    ;              ;                     ; --           ;                 ; --       ; --           ;
; M11      ;            ; --       ; VCC                             ; power  ;              ; 1.1V                ; --           ;                 ; --       ; --           ;
; M12      ;            ;          ; GND                             ; gnd    ;              ;                     ; --           ;                 ; --       ; --           ;
; M13      ;            ; --       ; VCC                             ; power  ;              ; 1.1V                ; --           ;                 ; --       ; --           ;
; M14      ;            ;          ; GND                             ; gnd    ;              ;                     ; --           ;                 ; --       ; --           ;
; M15      ;            ; --       ; VCC                             ; power  ;              ; 1.1V                ; --           ;                 ; --       ; --           ;
; M16      ; 278        ; 5B       ; clk                             ; input  ; 2.5 V        ;                     ; Row I/O      ; N               ; no       ; Off          ;
; M17      ;            ; 5B       ; VCCPD5B                         ; power  ;              ; 2.5V                ; --           ;                 ; --       ; --           ;
; M18      ; 282        ; 5B       ; r15[24]                         ; input  ; 2.5 V        ;                     ; Row I/O      ; N               ; no       ; Off          ;
; M19      ;            ; 5B       ; VCCIO5B                         ; power  ;              ; 2.5V                ; --           ;                 ; --       ; --           ;
; M20      ; 285        ; 5B       ; RESERVED_INPUT_WITH_WEAK_PULLUP ;        ;              ;                     ; Row I/O      ;                 ; no       ; On           ;
; M21      ; 287        ; 5B       ; RESERVED_INPUT_WITH_WEAK_PULLUP ;        ;              ;                     ; Row I/O      ;                 ; no       ; On           ;
; M22      ; 281        ; 5B       ; RESERVED_INPUT_WITH_WEAK_PULLUP ;        ;              ;                     ; Row I/O      ;                 ; no       ; On           ;
; N1       ; 28         ; B0L      ; GXB_NC                          ;        ;              ;                     ; --           ;                 ; --       ; --           ;
; N2       ; 29         ; B0L      ; GXB_NC                          ;        ;              ;                     ; --           ;                 ; --       ; --           ;
; N3       ;            ;          ; GND                             ; gnd    ;              ;                     ; --           ;                 ; --       ; --           ;
; N4       ;            ; --       ; VCCE_GXBL                       ; power  ;              ; 1.1V                ; --           ;                 ; --       ; --           ;
; N5       ;            ;          ; GND                             ; gnd    ;              ;                     ; --           ;                 ; --       ; --           ;
; N6       ; 58         ; 3A       ; a3[0]                           ; input  ; 2.5 V        ;                     ; Column I/O   ; N               ; no       ; Off          ;
; N7       ;            ;          ; GND                             ; gnd    ;              ;                     ; --           ;                 ; --       ; --           ;
; N8       ; 106        ; 3B       ; wd3[19]                         ; input  ; 2.5 V        ;                     ; Column I/O   ; N               ; no       ; Off          ;
; N9       ; 130        ; 3B       ; wd3[12]                         ; input  ; 2.5 V        ;                     ; Column I/O   ; N               ; no       ; Off          ;
; N10      ;            ; --       ; VCC                             ; power  ;              ; 1.1V                ; --           ;                 ; --       ; --           ;
; N11      ;            ;          ; GND                             ; gnd    ;              ;                     ; --           ;                 ; --       ; --           ;
; N12      ;            ; --       ; VCC                             ; power  ;              ; 1.1V                ; --           ;                 ; --       ; --           ;
; N13      ;            ;          ; GND                             ; gnd    ;              ;                     ; --           ;                 ; --       ; --           ;
; N14      ;            ; --       ; VCC                             ; power  ;              ; 1.1V                ; --           ;                 ; --       ; --           ;
; N15      ;            ;          ; GND                             ; gnd    ;              ;                     ; --           ;                 ; --       ; --           ;
; N16      ; 276        ; 5B       ; rst                             ; input  ; 2.5 V        ;                     ; Row I/O      ; N               ; no       ; Off          ;
; N17      ;            ;          ; GND                             ; gnd    ;              ;                     ; --           ;                 ; --       ; --           ;
; N18      ;            ; 5B       ; VCCPD5B                         ; power  ;              ; 2.5V                ; --           ;                 ; --       ; --           ;
; N19      ; 280        ; 5B       ; RESERVED_INPUT_WITH_WEAK_PULLUP ;        ;              ;                     ; Row I/O      ;                 ; no       ; On           ;
; N20      ; 277        ; 5B       ; RESERVED_INPUT_WITH_WEAK_PULLUP ;        ;              ;                     ; Row I/O      ;                 ; no       ; On           ;
; N21      ; 279        ; 5B       ; RESERVED_INPUT_WITH_WEAK_PULLUP ;        ;              ;                     ; Row I/O      ;                 ; no       ; On           ;
; N22      ;            ;          ; GND                             ; gnd    ;              ;                     ; --           ;                 ; --       ; --           ;
; P1       ;            ;          ; GND                             ; gnd    ;              ;                     ; --           ;                 ; --       ; --           ;
; P2       ;            ;          ; GND                             ; gnd    ;              ;                     ; --           ;                 ; --       ; --           ;
; P3       ;            ; --       ; VCCL_GXBL                       ; power  ;              ; 1.1V                ; --           ;                 ; --       ; --           ;
; P4       ;            ;          ; GND                             ; gnd    ;              ;                     ; --           ;                 ; --       ; --           ;
; P5       ; 44         ; 3A       ; #TMS                            ; input  ;              ;                     ; --           ;                 ; --       ; --           ;
; P6       ; 56         ; 3A       ; rd2[5]                          ; output ; 2.5 V        ;                     ; Column I/O   ; N               ; no       ; Off          ;
; P7       ; 67         ; 3A       ; rd1[7]                          ; output ; 2.5 V        ;                     ; Column I/O   ; N               ; no       ; Off          ;
; P8       ; 104        ; 3B       ; wd3[29]                         ; input  ; 2.5 V        ;                     ; Column I/O   ; N               ; no       ; Off          ;
; P9       ; 128        ; 3B       ; wd3[21]                         ; input  ; 2.5 V        ;                     ; Column I/O   ; N               ; no       ; Off          ;
; P10      ;            ;          ; GND                             ; gnd    ;              ;                     ; --           ;                 ; --       ; --           ;
; P11      ;            ; --       ; VCC                             ; power  ;              ; 1.1V                ; --           ;                 ; --       ; --           ;
; P12      ; 123        ; 3B       ; wd3[15]                         ; input  ; 2.5 V        ;                     ; Column I/O   ; N               ; no       ; Off          ;
; P13      ;            ; --       ; VCC                             ; power  ;              ; 1.1V                ; --           ;                 ; --       ; --           ;
; P14      ; 168        ; 4A       ; rd1[19]                         ; output ; 2.5 V        ;                     ; Column I/O   ; N               ; no       ; Off          ;
; P15      ;            ; --       ; VCC                             ; power  ;              ; 1.1V                ; --           ;                 ; --       ; --           ;
; P16      ; 225        ; 5A       ; r15[4]                          ; input  ; 2.5 V        ;                     ; Row I/O      ; N               ; no       ; Off          ;
; P17      ; 227        ; 5A       ; rd2[11]                         ; output ; 2.5 V        ;                     ; Row I/O      ; N               ; no       ; Off          ;
; P18      ; 226        ; 5A       ; RESERVED_INPUT_WITH_WEAK_PULLUP ;        ;              ;                     ; Row I/O      ;                 ; no       ; On           ;
; P19      ; 224        ; 5A       ; RESERVED_INPUT_WITH_WEAK_PULLUP ;        ;              ;                     ; Row I/O      ;                 ; no       ; On           ;
; P20      ;            ; 5A       ; VCCIO5A                         ; power  ;              ; 2.5V                ; --           ;                 ; --       ; --           ;
; P21      ;            ; 5A       ; VCCPD5A                         ; power  ;              ; 2.5V                ; --           ;                 ; --       ; --           ;
; P22      ; 222        ; 5A       ; r15[25]                         ; input  ; 2.5 V        ;                     ; Row I/O      ; N               ; no       ; Off          ;
; R1       ; 31         ; B0L      ; GND                             ;        ;              ;                     ; --           ;                 ; --       ; --           ;
; R2       ; 30         ; B0L      ; GND                             ;        ;              ;                     ; --           ;                 ; --       ; --           ;
; R3       ;            ;          ; GND                             ; gnd    ;              ;                     ; --           ;                 ; --       ; --           ;
; R4       ; 43         ; 3A       ; ^nCSO, DATA4                    ;        ;              ;                     ; Weak Pull Up ;                 ; --       ; On           ;
; R5       ; 54         ; 3A       ; RESERVED_INPUT_WITH_WEAK_PULLUP ;        ;              ;                     ; Column I/O   ;                 ; no       ; On           ;
; R6       ; 52         ; 3A       ; rd1[20]                         ; output ; 2.5 V        ;                     ; Column I/O   ; N               ; no       ; Off          ;
; R7       ; 65         ; 3A       ; wd3[20]                         ; input  ; 2.5 V        ;                     ; Column I/O   ; N               ; no       ; Off          ;
; R8       ;            ; 3B       ; VCCIO3B                         ; power  ;              ; 2.5V                ; --           ;                 ; --       ; --           ;
; R9       ; 119        ; 3B       ; wd3[23]                         ; input  ; 2.5 V        ;                     ; Column I/O   ; N               ; no       ; Off          ;
; R10      ; 125        ; 3B       ; wd3[11]                         ; input  ; 2.5 V        ;                     ; Column I/O   ; N               ; no       ; Off          ;
; R11      ; 127        ; 3B       ; wd3[6]                          ; input  ; 2.5 V        ;                     ; Column I/O   ; N               ; no       ; Off          ;
; R12      ; 121        ; 3B       ; a2[3]                           ; input  ; 2.5 V        ;                     ; Column I/O   ; N               ; no       ; Off          ;
; R13      ;            ;          ; GND                             ; gnd    ;              ;                     ; --           ;                 ; --       ; --           ;
; R14      ; 170        ; 4A       ; rd1[14]                         ; output ; 2.5 V        ;                     ; Column I/O   ; N               ; no       ; Off          ;
; R15      ; 219        ; 5A       ; rd1[10]                         ; output ; 2.5 V        ;                     ; Row I/O      ; N               ; no       ; Off          ;
; R16      ; 221        ; 5A       ; RESERVED_INPUT_WITH_WEAK_PULLUP ;        ;              ;                     ; Row I/O      ;                 ; no       ; On           ;
; R17      ; 223        ; 5A       ; RESERVED_INPUT_WITH_WEAK_PULLUP ;        ;              ;                     ; Row I/O      ;                 ; no       ; On           ;
; R18      ;            ; 5A       ; VCCIO5A                         ; power  ;              ; 2.5V                ; --           ;                 ; --       ; --           ;
; R19      ;            ; --       ; VCCPGM                          ; power  ;              ; 1.8V/2.5V/3.0V/3.3V ; --           ;                 ; --       ; --           ;
; R20      ;            ; 5A       ; VREFB5AN0                       ; power  ;              ;                     ; --           ;                 ; --       ; --           ;
; R21      ; 220        ; 5A       ; rd1[15]                         ; output ; 2.5 V        ;                     ; Row I/O      ; N               ; no       ; Off          ;
; R22      ; 218        ; 5A       ; rd2[7]                          ; output ; 2.5 V        ;                     ; Row I/O      ; N               ; no       ; Off          ;
; T1       ;            ;          ; GND                             ; gnd    ;              ;                     ; --           ;                 ; --       ; --           ;
; T2       ;            ;          ; GND                             ; gnd    ;              ;                     ; --           ;                 ; --       ; --           ;
; T3       ;            ; --       ; VCCH_GXBL                       ; power  ;              ; 2.5V                ; --           ;                 ; --       ; --           ;
; T4       ; 45         ; 3A       ; ^AS_DATA3, DATA3                ;        ;              ;                     ; Weak Pull Up ;                 ; --       ; On           ;
; T5       ;            ; --       ; VCCA_FPLL                       ; power  ;              ; 2.5V                ; --           ;                 ; --       ; --           ;
; T6       ;            ; 3A       ; VCCIO3A                         ; power  ;              ; 2.5V                ; --           ;                 ; --       ; --           ;
; T7       ; 60         ; 3A       ; a3[1]                           ; input  ; 2.5 V        ;                     ; Column I/O   ; N               ; no       ; Off          ;
; T8       ; 62         ; 3A       ; rd1[5]                          ; output ; 2.5 V        ;                     ; Column I/O   ; N               ; no       ; Off          ;
; T9       ; 109        ; 3B       ; wd3[14]                         ; input  ; 2.5 V        ;                     ; Column I/O   ; N               ; no       ; Off          ;
; T10      ; 117        ; 3B       ; wd3[13]                         ; input  ; 2.5 V        ;                     ; Column I/O   ; N               ; no       ; Off          ;
; T11      ;            ; 3B       ; VCCIO3B                         ; power  ;              ; 2.5V                ; --           ;                 ; --       ; --           ;
; T12      ; 136        ; 4A       ; wd3[26]                         ; input  ; 2.5 V        ;                     ; Column I/O   ; N               ; no       ; Off          ;
; T13      ; 138        ; 4A       ; rd2[24]                         ; output ; 2.5 V        ;                     ; Column I/O   ; N               ; no       ; Off          ;
; T14      ; 152        ; 4A       ; rd2[31]                         ; output ; 2.5 V        ;                     ; Column I/O   ; N               ; no       ; Off          ;
; T15      ; 217        ; 5A       ; rd2[17]                         ; output ; 2.5 V        ;                     ; Row I/O      ; N               ; no       ; Off          ;
; T16      ;            ;          ; GND                             ; gnd    ;              ;                     ; --           ;                 ; --       ; --           ;
; T17      ; 215        ; 5A       ; rd2[28]                         ; output ; 2.5 V        ;                     ; Row I/O      ; N               ; no       ; Off          ;
; T18      ; 213        ; 5A       ; RESERVED_INPUT_WITH_WEAK_PULLUP ;        ;              ;                     ; Row I/O      ;                 ; no       ; On           ;
; T19      ; 212        ; 5A       ; rd2[19]                         ; output ; 2.5 V        ;                     ; Row I/O      ; N               ; no       ; Off          ;
; T20      ; 214        ; 5A       ; rd1[3]                          ; output ; 2.5 V        ;                     ; Row I/O      ; N               ; no       ; Off          ;
; T21      ;            ;          ; GND                             ; gnd    ;              ;                     ; --           ;                 ; --       ; --           ;
; T22      ; 216        ; 5A       ; rd2[23]                         ; output ; 2.5 V        ;                     ; Row I/O      ; N               ; no       ; Off          ;
; U1       ; 32         ; B0L      ; GXB_NC                          ;        ;              ;                     ; --           ;                 ; --       ; --           ;
; U2       ; 33         ; B0L      ; GXB_NC                          ;        ;              ;                     ; --           ;                 ; --       ; --           ;
; U3       ;            ;          ; GND                             ; gnd    ;              ;                     ; --           ;                 ; --       ; --           ;
; U4       ; 41         ; B0L      ; GND                             ;        ;              ;                     ; Row I/O      ;                 ; --       ; --           ;
; U5       ;            ;          ; GND                             ; gnd    ;              ;                     ; --           ;                 ; --       ; --           ;
; U6       ; 61         ; 3A       ; rd2[18]                         ; output ; 2.5 V        ;                     ; Column I/O   ; N               ; no       ; Off          ;
; U7       ; 53         ; 3A       ; rd2[14]                         ; output ; 2.5 V        ;                     ; Column I/O   ; N               ; no       ; Off          ;
; U8       ; 55         ; 3A       ; r15[15]                         ; input  ; 2.5 V        ;                     ; Column I/O   ; N               ; no       ; Off          ;
; U9       ;            ;          ; GND                             ; gnd    ;              ;                     ; --           ;                 ; --       ; --           ;
; U10      ; 111        ; 3B       ; wd3[1]                          ; input  ; 2.5 V        ;                     ; Column I/O   ; N               ; no       ; Off          ;
; U11      ; 120        ; 3B       ; rd2[26]                         ; output ; 2.5 V        ;                     ; Column I/O   ; N               ; no       ; Off          ;
; U12      ; 122        ; 3B       ; wd3[30]                         ; input  ; 2.5 V        ;                     ; Column I/O   ; N               ; no       ; Off          ;
; U13      ; 135        ; 4A       ; wd3[24]                         ; input  ; 2.5 V        ;                     ; Column I/O   ; N               ; no       ; Off          ;
; U14      ;            ; 4A       ; VCCIO4A                         ; power  ;              ; 2.5V                ; --           ;                 ; --       ; --           ;
; U15      ; 154        ; 4A       ; rd1[16]                         ; output ; 2.5 V        ;                     ; Column I/O   ; N               ; no       ; Off          ;
; U16      ; 176        ; 4A       ; rd1[2]                          ; output ; 2.5 V        ;                     ; Column I/O   ; N               ; no       ; Off          ;
; U17      ; 178        ; 4A       ; RESERVED_INPUT_WITH_WEAK_PULLUP ;        ;              ;                     ; Column I/O   ;                 ; no       ; On           ;
; U18      ;            ; --       ; VCCA_FPLL                       ; power  ;              ; 2.5V                ; --           ;                 ; --       ; --           ;
; U19      ;            ; 4A       ; VCCIO4A                         ; power  ;              ; 2.5V                ; --           ;                 ; --       ; --           ;
; U20      ; 179        ; 4A       ; rd1[8]                          ; output ; 2.5 V        ;                     ; Column I/O   ; N               ; no       ; Off          ;
; U21      ; 177        ; 4A       ; rd2[8]                          ; output ; 2.5 V        ;                     ; Column I/O   ; N               ; no       ; Off          ;
; U22      ; 172        ; 4A       ; rd1[13]                         ; output ; 2.5 V        ;                     ; Column I/O   ; N               ; no       ; Off          ;
; V1       ;            ;          ; GND                             ; gnd    ;              ;                     ; --           ;                 ; --       ; --           ;
; V2       ;            ;          ; GND                             ; gnd    ;              ;                     ; --           ;                 ; --       ; --           ;
; V3       ; 50         ; 3A       ; ^DCLK                           ;        ;              ;                     ; Weak Pull Up ;                 ; --       ; On           ;
; V4       ; 40         ; B0L      ; GND                             ;        ;              ;                     ; Row I/O      ;                 ; --       ; --           ;
; V5       ; 46         ; 3A       ; #TCK                            ; input  ;              ;                     ; --           ;                 ; --       ; --           ;
; V6       ; 63         ; 3A       ; rd2[25]                         ; output ; 2.5 V        ;                     ; Column I/O   ; N               ; no       ; Off          ;
; V7       ;            ;          ; GND                             ; gnd    ;              ;                     ; --           ;                 ; --       ; --           ;
; V8       ;            ; --       ; VCCPGM                          ; power  ;              ; 1.8V/2.5V/3.0V/3.3V ; --           ;                 ; --       ; --           ;
; V9       ; 101        ; 3B       ; rd1[25]                         ; output ; 2.5 V        ;                     ; Column I/O   ; N               ; no       ; Off          ;
; V10      ; 103        ; 3B       ; a1[0]                           ; input  ; 2.5 V        ;                     ; Column I/O   ; N               ; no       ; Off          ;
; V11      ;            ;          ; DNU                             ;        ;              ;                     ; --           ;                 ; --       ; --           ;
; V12      ;            ;          ; GND                             ; gnd    ;              ;                     ; --           ;                 ; --       ; --           ;
; V13      ; 133        ; 4A       ; wd3[31]                         ; input  ; 2.5 V        ;                     ; Column I/O   ; N               ; no       ; Off          ;
; V14      ; 144        ; 4A       ; rd1[9]                          ; output ; 2.5 V        ;                     ; Column I/O   ; N               ; no       ; Off          ;
; V15      ; 146        ; 4A       ; rd1[22]                         ; output ; 2.5 V        ;                     ; Column I/O   ; N               ; no       ; Off          ;
; V16      ; 160        ; 4A       ; rd1[21]                         ; output ; 2.5 V        ;                     ; Column I/O   ; N               ; no       ; Off          ;
; V17      ;            ;          ; GND                             ; gnd    ;              ;                     ; --           ;                 ; --       ; --           ;
; V18      ; 175        ; 4A       ; rd2[29]                         ; output ; 2.5 V        ;                     ; Column I/O   ; N               ; no       ; Off          ;
; V19      ; 173        ; 4A       ; rd2[3]                          ; output ; 2.5 V        ;                     ; Column I/O   ; N               ; no       ; Off          ;
; V20      ; 157        ; 4A       ; rd1[26]                         ; output ; 2.5 V        ;                     ; Column I/O   ; N               ; no       ; Off          ;
; V21      ; 174        ; 4A       ; we3                             ; input  ; 2.5 V        ;                     ; Column I/O   ; N               ; no       ; Off          ;
; V22      ;            ;          ; GND                             ; gnd    ;              ;                     ; --           ;                 ; --       ; --           ;
; W1       ; 35         ; B0L      ; GND                             ;        ;              ;                     ; --           ;                 ; --       ; --           ;
; W2       ; 34         ; B0L      ; GND                             ;        ;              ;                     ; --           ;                 ; --       ; --           ;
; W3       ;            ;          ; GND                             ; gnd    ;              ;                     ; --           ;                 ; --       ; --           ;
; W4       ;            ;          ; GND                             ; gnd    ;              ;                     ; --           ;                 ; --       ; --           ;
; W5       ; 48         ; 3A       ; #TDI                            ; input  ;              ;                     ; --           ;                 ; --       ; --           ;
; W6       ;            ; 3A       ; VCCPD3A                         ; power  ;              ; 2.5V                ; --           ;                 ; --       ; --           ;
; W7       ;            ; --       ; VCC_AUX                         ; power  ;              ; 2.5V                ; --           ;                 ; --       ; --           ;
; W8       ; 57         ; 3A       ; a3[3]                           ; input  ; 2.5 V        ;                     ; Column I/O   ; N               ; no       ; Off          ;
; W9       ; 59         ; 3A       ; rd1[12]                         ; output ; 2.5 V        ;                     ; Column I/O   ; N               ; no       ; Off          ;
; W10      ;            ; 3B       ; VCCIO3B                         ; power  ;              ; 2.5V                ; --           ;                 ; --       ; --           ;
; W11      ;            ; 3B, 4A   ; VCCPD3B4A                       ; power  ;              ; 2.5V                ; --           ;                 ; --       ; --           ;
; W12      ;            ; 3B, 4A   ; VCCPD3B4A                       ; power  ;              ; 2.5V                ; --           ;                 ; --       ; --           ;
; W13      ;            ; --       ; VCC_AUX                         ; power  ;              ; 2.5V                ; --           ;                 ; --       ; --           ;
; W14      ;            ; 3B, 4A   ; VCCPD3B4A                       ; power  ;              ; 2.5V                ; --           ;                 ; --       ; --           ;
; W15      ;            ; 4A       ; VCCIO4A                         ; power  ;              ; 2.5V                ; --           ;                 ; --       ; --           ;
; W16      ; 162        ; 4A       ; rd2[1]                          ; output ; 2.5 V        ;                     ; Column I/O   ; N               ; no       ; Off          ;
; W17      ;            ; 3B, 4A   ; VCCPD3B4A                       ; power  ;              ; 2.5V                ; --           ;                 ; --       ; --           ;
; W18      ;            ; --       ; VCC_AUX                         ; power  ;              ; 2.5V                ; --           ;                 ; --       ; --           ;
; W19      ; 159        ; 4A       ; rd1[17]                         ; output ; 2.5 V        ;                     ; Column I/O   ; N               ; no       ; Off          ;
; W20      ;            ; 4A       ; VCCIO4A                         ; power  ;              ; 2.5V                ; --           ;                 ; --       ; --           ;
; W21      ; 171        ; 4A       ; rd2[12]                         ; output ; 2.5 V        ;                     ; Column I/O   ; N               ; no       ; Off          ;
; W22      ; 166        ; 4A       ; rd2[9]                          ; output ; 2.5 V        ;                     ; Column I/O   ; N               ; no       ; Off          ;
; Y1       ;            ;          ; GND                             ; gnd    ;              ;                     ; --           ;                 ; --       ; --           ;
; Y2       ;            ;          ; GND                             ; gnd    ;              ;                     ; --           ;                 ; --       ; --           ;
; Y3       ; 36         ; B0L      ; GXB_NC                          ;        ;              ;                     ; --           ;                 ; --       ; --           ;
; Y4       ; 37         ; B0L      ; GXB_NC                          ;        ;              ;                     ; --           ;                 ; --       ; --           ;
; Y5       ;            ;          ; GND                             ; gnd    ;              ;                     ; --           ;                 ; --       ; --           ;
; Y6       ;            ;          ; DNU                             ;        ;              ;                     ; --           ;                 ; --       ; --           ;
; Y7       ;            ; 3A       ; VREFB3AN0                       ; power  ;              ;                     ; --           ;                 ; --       ; --           ;
; Y8       ;            ; 3A       ; VCCIO3A                         ; power  ;              ; 2.5V                ; --           ;                 ; --       ; --           ;
; Y9       ; 118        ; 3B       ; wd3[17]                         ; input  ; 2.5 V        ;                     ; Column I/O   ; N               ; no       ; Off          ;
; Y10      ; 116        ; 3B       ; wd3[7]                          ; input  ; 2.5 V        ;                     ; Column I/O   ; N               ; no       ; Off          ;
; Y11      ; 129        ; 3B       ; wd3[22]                         ; input  ; 2.5 V        ;                     ; Column I/O   ; N               ; no       ; Off          ;
; Y12      ;            ; 3B       ; VREFB3BN0                       ; power  ;              ;                     ; --           ;                 ; --       ; --           ;
; Y13      ;            ; 3B       ; VCCIO3B                         ; power  ;              ; 2.5V                ; --           ;                 ; --       ; --           ;
; Y14      ; 141        ; 4A       ; wd3[28]                         ; input  ; 2.5 V        ;                     ; Column I/O   ; N               ; no       ; Off          ;
; Y15      ; 143        ; 4A       ; wd3[9]                          ; input  ; 2.5 V        ;                     ; Column I/O   ; N               ; no       ; Off          ;
; Y16      ; 149        ; 4A       ; rd1[31]                         ; output ; 2.5 V        ;                     ; Column I/O   ; N               ; no       ; Off          ;
; Y17      ; 151        ; 4A       ; rd2[2]                          ; output ; 2.5 V        ;                     ; Column I/O   ; N               ; no       ; Off          ;
; Y18      ;            ;          ; GND                             ; gnd    ;              ;                     ; --           ;                 ; --       ; --           ;
; Y19      ; 167        ; 4A       ; rd1[6]                          ; output ; 2.5 V        ;                     ; Column I/O   ; N               ; no       ; Off          ;
; Y20      ; 165        ; 4A       ; rd1[0]                          ; output ; 2.5 V        ;                     ; Column I/O   ; N               ; no       ; Off          ;
; Y21      ; 169        ; 4A       ; rd1[29]                         ; output ; 2.5 V        ;                     ; Column I/O   ; N               ; no       ; Off          ;
; Y22      ; 164        ; 4A       ; a3[2]                           ; input  ; 2.5 V        ;                     ; Column I/O   ; N               ; no       ; Off          ;
+----------+------------+----------+---------------------------------+--------+--------------+---------------------+--------------+-----------------+----------+--------------+
Note: Pin directions (input, output or bidir) are based on device operating in user mode.


+------------------------------------------+
; I/O Assignment Warnings                  ;
+----------+-------------------------------+
; Pin Name ; Reason                        ;
+----------+-------------------------------+
; r15[0]   ; Incomplete set of assignments ;
; r15[1]   ; Incomplete set of assignments ;
; r15[2]   ; Incomplete set of assignments ;
; r15[3]   ; Incomplete set of assignments ;
; r15[4]   ; Incomplete set of assignments ;
; r15[5]   ; Incomplete set of assignments ;
; r15[6]   ; Incomplete set of assignments ;
; r15[7]   ; Incomplete set of assignments ;
; r15[8]   ; Incomplete set of assignments ;
; r15[9]   ; Incomplete set of assignments ;
; r15[10]  ; Incomplete set of assignments ;
; r15[11]  ; Incomplete set of assignments ;
; r15[12]  ; Incomplete set of assignments ;
; r15[13]  ; Incomplete set of assignments ;
; r15[14]  ; Incomplete set of assignments ;
; r15[15]  ; Incomplete set of assignments ;
; r15[16]  ; Incomplete set of assignments ;
; r15[17]  ; Incomplete set of assignments ;
; r15[18]  ; Incomplete set of assignments ;
; r15[19]  ; Incomplete set of assignments ;
; r15[20]  ; Incomplete set of assignments ;
; r15[21]  ; Incomplete set of assignments ;
; r15[22]  ; Incomplete set of assignments ;
; r15[23]  ; Incomplete set of assignments ;
; r15[24]  ; Incomplete set of assignments ;
; r15[25]  ; Incomplete set of assignments ;
; r15[26]  ; Incomplete set of assignments ;
; r15[27]  ; Incomplete set of assignments ;
; r15[28]  ; Incomplete set of assignments ;
; r15[29]  ; Incomplete set of assignments ;
; r15[30]  ; Incomplete set of assignments ;
; r15[31]  ; Incomplete set of assignments ;
; rd1[0]   ; Incomplete set of assignments ;
; rd1[1]   ; Incomplete set of assignments ;
; rd1[2]   ; Incomplete set of assignments ;
; rd1[3]   ; Incomplete set of assignments ;
; rd1[4]   ; Incomplete set of assignments ;
; rd1[5]   ; Incomplete set of assignments ;
; rd1[6]   ; Incomplete set of assignments ;
; rd1[7]   ; Incomplete set of assignments ;
; rd1[8]   ; Incomplete set of assignments ;
; rd1[9]   ; Incomplete set of assignments ;
; rd1[10]  ; Incomplete set of assignments ;
; rd1[11]  ; Incomplete set of assignments ;
; rd1[12]  ; Incomplete set of assignments ;
; rd1[13]  ; Incomplete set of assignments ;
; rd1[14]  ; Incomplete set of assignments ;
; rd1[15]  ; Incomplete set of assignments ;
; rd1[16]  ; Incomplete set of assignments ;
; rd1[17]  ; Incomplete set of assignments ;
; rd1[18]  ; Incomplete set of assignments ;
; rd1[19]  ; Incomplete set of assignments ;
; rd1[20]  ; Incomplete set of assignments ;
; rd1[21]  ; Incomplete set of assignments ;
; rd1[22]  ; Incomplete set of assignments ;
; rd1[23]  ; Incomplete set of assignments ;
; rd1[24]  ; Incomplete set of assignments ;
; rd1[25]  ; Incomplete set of assignments ;
; rd1[26]  ; Incomplete set of assignments ;
; rd1[27]  ; Incomplete set of assignments ;
; rd1[28]  ; Incomplete set of assignments ;
; rd1[29]  ; Incomplete set of assignments ;
; rd1[30]  ; Incomplete set of assignments ;
; rd1[31]  ; Incomplete set of assignments ;
; rd2[0]   ; Incomplete set of assignments ;
; rd2[1]   ; Incomplete set of assignments ;
; rd2[2]   ; Incomplete set of assignments ;
; rd2[3]   ; Incomplete set of assignments ;
; rd2[4]   ; Incomplete set of assignments ;
; rd2[5]   ; Incomplete set of assignments ;
; rd2[6]   ; Incomplete set of assignments ;
; rd2[7]   ; Incomplete set of assignments ;
; rd2[8]   ; Incomplete set of assignments ;
; rd2[9]   ; Incomplete set of assignments ;
; rd2[10]  ; Incomplete set of assignments ;
; rd2[11]  ; Incomplete set of assignments ;
; rd2[12]  ; Incomplete set of assignments ;
; rd2[13]  ; Incomplete set of assignments ;
; rd2[14]  ; Incomplete set of assignments ;
; rd2[15]  ; Incomplete set of assignments ;
; rd2[16]  ; Incomplete set of assignments ;
; rd2[17]  ; Incomplete set of assignments ;
; rd2[18]  ; Incomplete set of assignments ;
; rd2[19]  ; Incomplete set of assignments ;
; rd2[20]  ; Incomplete set of assignments ;
; rd2[21]  ; Incomplete set of assignments ;
; rd2[22]  ; Incomplete set of assignments ;
; rd2[23]  ; Incomplete set of assignments ;
; rd2[24]  ; Incomplete set of assignments ;
; rd2[25]  ; Incomplete set of assignments ;
; rd2[26]  ; Incomplete set of assignments ;
; rd2[27]  ; Incomplete set of assignments ;
; rd2[28]  ; Incomplete set of assignments ;
; rd2[29]  ; Incomplete set of assignments ;
; rd2[30]  ; Incomplete set of assignments ;
; rd2[31]  ; Incomplete set of assignments ;
; a1[0]    ; Incomplete set of assignments ;
; a1[1]    ; Incomplete set of assignments ;
; a1[2]    ; Incomplete set of assignments ;
; a1[3]    ; Incomplete set of assignments ;
; a2[0]    ; Incomplete set of assignments ;
; a2[1]    ; Incomplete set of assignments ;
; a2[2]    ; Incomplete set of assignments ;
; a2[3]    ; Incomplete set of assignments ;
; wd3[0]   ; Incomplete set of assignments ;
; clk      ; Incomplete set of assignments ;
; rst      ; Incomplete set of assignments ;
; a3[1]    ; Incomplete set of assignments ;
; a3[2]    ; Incomplete set of assignments ;
; a3[3]    ; Incomplete set of assignments ;
; we3      ; Incomplete set of assignments ;
; a3[0]    ; Incomplete set of assignments ;
; wd3[1]   ; Incomplete set of assignments ;
; wd3[2]   ; Incomplete set of assignments ;
; wd3[3]   ; Incomplete set of assignments ;
; wd3[4]   ; Incomplete set of assignments ;
; wd3[5]   ; Incomplete set of assignments ;
; wd3[6]   ; Incomplete set of assignments ;
; wd3[7]   ; Incomplete set of assignments ;
; wd3[8]   ; Incomplete set of assignments ;
; wd3[9]   ; Incomplete set of assignments ;
; wd3[10]  ; Incomplete set of assignments ;
; wd3[11]  ; Incomplete set of assignments ;
; wd3[12]  ; Incomplete set of assignments ;
; wd3[13]  ; Incomplete set of assignments ;
; wd3[14]  ; Incomplete set of assignments ;
; wd3[15]  ; Incomplete set of assignments ;
; wd3[16]  ; Incomplete set of assignments ;
; wd3[17]  ; Incomplete set of assignments ;
; wd3[18]  ; Incomplete set of assignments ;
; wd3[19]  ; Incomplete set of assignments ;
; wd3[20]  ; Incomplete set of assignments ;
; wd3[21]  ; Incomplete set of assignments ;
; wd3[22]  ; Incomplete set of assignments ;
; wd3[23]  ; Incomplete set of assignments ;
; wd3[24]  ; Incomplete set of assignments ;
; wd3[25]  ; Incomplete set of assignments ;
; wd3[26]  ; Incomplete set of assignments ;
; wd3[27]  ; Incomplete set of assignments ;
; wd3[28]  ; Incomplete set of assignments ;
; wd3[29]  ; Incomplete set of assignments ;
; wd3[30]  ; Incomplete set of assignments ;
; wd3[31]  ; Incomplete set of assignments ;
; r15[0]   ; Missing location assignment   ;
; r15[1]   ; Missing location assignment   ;
; r15[2]   ; Missing location assignment   ;
; r15[3]   ; Missing location assignment   ;
; r15[4]   ; Missing location assignment   ;
; r15[5]   ; Missing location assignment   ;
; r15[6]   ; Missing location assignment   ;
; r15[7]   ; Missing location assignment   ;
; r15[8]   ; Missing location assignment   ;
; r15[9]   ; Missing location assignment   ;
; r15[10]  ; Missing location assignment   ;
; r15[11]  ; Missing location assignment   ;
; r15[12]  ; Missing location assignment   ;
; r15[13]  ; Missing location assignment   ;
; r15[14]  ; Missing location assignment   ;
; r15[15]  ; Missing location assignment   ;
; r15[16]  ; Missing location assignment   ;
; r15[17]  ; Missing location assignment   ;
; r15[18]  ; Missing location assignment   ;
; r15[19]  ; Missing location assignment   ;
; r15[20]  ; Missing location assignment   ;
; r15[21]  ; Missing location assignment   ;
; r15[22]  ; Missing location assignment   ;
; r15[23]  ; Missing location assignment   ;
; r15[24]  ; Missing location assignment   ;
; r15[25]  ; Missing location assignment   ;
; r15[26]  ; Missing location assignment   ;
; r15[27]  ; Missing location assignment   ;
; r15[28]  ; Missing location assignment   ;
; r15[29]  ; Missing location assignment   ;
; r15[30]  ; Missing location assignment   ;
; r15[31]  ; Missing location assignment   ;
; rd1[0]   ; Missing location assignment   ;
; rd1[1]   ; Missing location assignment   ;
; rd1[2]   ; Missing location assignment   ;
; rd1[3]   ; Missing location assignment   ;
; rd1[4]   ; Missing location assignment   ;
; rd1[5]   ; Missing location assignment   ;
; rd1[6]   ; Missing location assignment   ;
; rd1[7]   ; Missing location assignment   ;
; rd1[8]   ; Missing location assignment   ;
; rd1[9]   ; Missing location assignment   ;
; rd1[10]  ; Missing location assignment   ;
; rd1[11]  ; Missing location assignment   ;
; rd1[12]  ; Missing location assignment   ;
; rd1[13]  ; Missing location assignment   ;
; rd1[14]  ; Missing location assignment   ;
; rd1[15]  ; Missing location assignment   ;
; rd1[16]  ; Missing location assignment   ;
; rd1[17]  ; Missing location assignment   ;
; rd1[18]  ; Missing location assignment   ;
; rd1[19]  ; Missing location assignment   ;
; rd1[20]  ; Missing location assignment   ;
; rd1[21]  ; Missing location assignment   ;
; rd1[22]  ; Missing location assignment   ;
; rd1[23]  ; Missing location assignment   ;
; rd1[24]  ; Missing location assignment   ;
; rd1[25]  ; Missing location assignment   ;
; rd1[26]  ; Missing location assignment   ;
; rd1[27]  ; Missing location assignment   ;
; rd1[28]  ; Missing location assignment   ;
; rd1[29]  ; Missing location assignment   ;
; rd1[30]  ; Missing location assignment   ;
; rd1[31]  ; Missing location assignment   ;
; rd2[0]   ; Missing location assignment   ;
; rd2[1]   ; Missing location assignment   ;
; rd2[2]   ; Missing location assignment   ;
; rd2[3]   ; Missing location assignment   ;
; rd2[4]   ; Missing location assignment   ;
; rd2[5]   ; Missing location assignment   ;
; rd2[6]   ; Missing location assignment   ;
; rd2[7]   ; Missing location assignment   ;
; rd2[8]   ; Missing location assignment   ;
; rd2[9]   ; Missing location assignment   ;
; rd2[10]  ; Missing location assignment   ;
; rd2[11]  ; Missing location assignment   ;
; rd2[12]  ; Missing location assignment   ;
; rd2[13]  ; Missing location assignment   ;
; rd2[14]  ; Missing location assignment   ;
; rd2[15]  ; Missing location assignment   ;
; rd2[16]  ; Missing location assignment   ;
; rd2[17]  ; Missing location assignment   ;
; rd2[18]  ; Missing location assignment   ;
; rd2[19]  ; Missing location assignment   ;
; rd2[20]  ; Missing location assignment   ;
; rd2[21]  ; Missing location assignment   ;
; rd2[22]  ; Missing location assignment   ;
; rd2[23]  ; Missing location assignment   ;
; rd2[24]  ; Missing location assignment   ;
; rd2[25]  ; Missing location assignment   ;
; rd2[26]  ; Missing location assignment   ;
; rd2[27]  ; Missing location assignment   ;
; rd2[28]  ; Missing location assignment   ;
; rd2[29]  ; Missing location assignment   ;
; rd2[30]  ; Missing location assignment   ;
; rd2[31]  ; Missing location assignment   ;
; a1[0]    ; Missing location assignment   ;
; a1[1]    ; Missing location assignment   ;
; a1[2]    ; Missing location assignment   ;
; a1[3]    ; Missing location assignment   ;
; a2[0]    ; Missing location assignment   ;
; a2[1]    ; Missing location assignment   ;
; a2[2]    ; Missing location assignment   ;
; a2[3]    ; Missing location assignment   ;
; wd3[0]   ; Missing location assignment   ;
; clk      ; Missing location assignment   ;
; rst      ; Missing location assignment   ;
; a3[1]    ; Missing location assignment   ;
; a3[2]    ; Missing location assignment   ;
; a3[3]    ; Missing location assignment   ;
; we3      ; Missing location assignment   ;
; a3[0]    ; Missing location assignment   ;
; wd3[1]   ; Missing location assignment   ;
; wd3[2]   ; Missing location assignment   ;
; wd3[3]   ; Missing location assignment   ;
; wd3[4]   ; Missing location assignment   ;
; wd3[5]   ; Missing location assignment   ;
; wd3[6]   ; Missing location assignment   ;
; wd3[7]   ; Missing location assignment   ;
; wd3[8]   ; Missing location assignment   ;
; wd3[9]   ; Missing location assignment   ;
; wd3[10]  ; Missing location assignment   ;
; wd3[11]  ; Missing location assignment   ;
; wd3[12]  ; Missing location assignment   ;
; wd3[13]  ; Missing location assignment   ;
; wd3[14]  ; Missing location assignment   ;
; wd3[15]  ; Missing location assignment   ;
; wd3[16]  ; Missing location assignment   ;
; wd3[17]  ; Missing location assignment   ;
; wd3[18]  ; Missing location assignment   ;
; wd3[19]  ; Missing location assignment   ;
; wd3[20]  ; Missing location assignment   ;
; wd3[21]  ; Missing location assignment   ;
; wd3[22]  ; Missing location assignment   ;
; wd3[23]  ; Missing location assignment   ;
; wd3[24]  ; Missing location assignment   ;
; wd3[25]  ; Missing location assignment   ;
; wd3[26]  ; Missing location assignment   ;
; wd3[27]  ; Missing location assignment   ;
; wd3[28]  ; Missing location assignment   ;
; wd3[29]  ; Missing location assignment   ;
; wd3[30]  ; Missing location assignment   ;
; wd3[31]  ; Missing location assignment   ;
+----------+-------------------------------+


+----------------------------------------------------------------------------------------------------------------------------------------------------------------------------------------------------------------------------------------------------------------------------------------------------------------------------------------------------------------------------------------+
; Fitter Resource Utilization by Entity                                                                                                                                                                                                                                                                                                                                                  ;
+----------------------------+----------------------+----------------------------------+---------------------------------------------------+----------------------------------+----------------------+---------------------+---------------------------+---------------+-------------------+-------+------------+------+--------------+---------------------+-------------+--------------+
; Compilation Hierarchy Node ; ALMs needed [=A-B+C] ; [A] ALMs used in final placement ; [B] Estimate of ALMs recoverable by dense packing ; [C] Estimate of ALMs unavailable ; ALMs used for memory ; Combinational ALUTs ; Dedicated Logic Registers ; I/O Registers ; Block Memory Bits ; M10Ks ; DSP Blocks ; Pins ; Virtual Pins ; Full Hierarchy Name ; Entity Name ; Library Name ;
+----------------------------+----------------------+----------------------------------+---------------------------------------------------+----------------------------------+----------------------+---------------------+---------------------------+---------------+-------------------+-------+------------+------+--------------+---------------------+-------------+--------------+
; |registros                 ; 346.5 (346.5)        ; 403.0 (403.0)                    ; 59.0 (59.0)                                       ; 2.5 (2.5)                        ; 0.0 (0.0)            ; 337 (337)           ; 512 (512)                 ; 0 (0)         ; 0                 ; 0     ; 0          ; 143  ; 0            ; |registros          ; registros   ; work         ;
+----------------------------+----------------------+----------------------------------+---------------------------------------------------+----------------------------------+----------------------+---------------------+---------------------------+---------------+-------------------+-------+------------+------+--------------+---------------------+-------------+--------------+
Note: For table entries with two numbers listed, the numbers in parentheses indicate the number of resources of the given type used by the specific entity alone. The numbers listed outside of parentheses indicate the total resources of the given type used by the specific entity and all of its sub-entities in the hierarchy.


+------------------------------------------------------------------------------------------------------------------------+
; Delay Chain Summary                                                                                                    ;
+---------+----------+----+------+------+----+------+-------+--------+------------------------+--------------------------+
; Name    ; Pin Type ; D1 ; D3_0 ; D3_1 ; D4 ; D5   ; D5 OE ; D5 OCT ; T11 (Postamble Gating) ; T11 (Postamble Ungating) ;
+---------+----------+----+------+------+----+------+-------+--------+------------------------+--------------------------+
; r15[0]  ; Input    ; -- ; --   ; --   ; -- ; --   ; --    ; --     ; --                     ; --                       ;
; r15[1]  ; Input    ; -- ; --   ; --   ; -- ; --   ; --    ; --     ; --                     ; --                       ;
; r15[2]  ; Input    ; -- ; --   ; --   ; -- ; --   ; --    ; --     ; --                     ; --                       ;
; r15[3]  ; Input    ; -- ; --   ; --   ; -- ; --   ; --    ; --     ; --                     ; --                       ;
; r15[4]  ; Input    ; -- ; --   ; --   ; -- ; --   ; --    ; --     ; --                     ; --                       ;
; r15[5]  ; Input    ; -- ; --   ; --   ; -- ; --   ; --    ; --     ; --                     ; --                       ;
; r15[6]  ; Input    ; -- ; --   ; --   ; -- ; --   ; --    ; --     ; --                     ; --                       ;
; r15[7]  ; Input    ; -- ; --   ; --   ; -- ; --   ; --    ; --     ; --                     ; --                       ;
; r15[8]  ; Input    ; -- ; --   ; --   ; -- ; --   ; --    ; --     ; --                     ; --                       ;
; r15[9]  ; Input    ; -- ; --   ; --   ; -- ; --   ; --    ; --     ; --                     ; --                       ;
; r15[10] ; Input    ; -- ; --   ; --   ; -- ; --   ; --    ; --     ; --                     ; --                       ;
; r15[11] ; Input    ; -- ; --   ; --   ; -- ; --   ; --    ; --     ; --                     ; --                       ;
; r15[12] ; Input    ; -- ; --   ; --   ; -- ; --   ; --    ; --     ; --                     ; --                       ;
; r15[13] ; Input    ; -- ; --   ; --   ; -- ; --   ; --    ; --     ; --                     ; --                       ;
; r15[14] ; Input    ; -- ; --   ; --   ; -- ; --   ; --    ; --     ; --                     ; --                       ;
; r15[15] ; Input    ; -- ; --   ; --   ; -- ; --   ; --    ; --     ; --                     ; --                       ;
; r15[16] ; Input    ; -- ; --   ; --   ; -- ; --   ; --    ; --     ; --                     ; --                       ;
; r15[17] ; Input    ; -- ; --   ; --   ; -- ; --   ; --    ; --     ; --                     ; --                       ;
; r15[18] ; Input    ; -- ; --   ; --   ; -- ; --   ; --    ; --     ; --                     ; --                       ;
; r15[19] ; Input    ; -- ; --   ; --   ; -- ; --   ; --    ; --     ; --                     ; --                       ;
; r15[20] ; Input    ; -- ; --   ; --   ; -- ; --   ; --    ; --     ; --                     ; --                       ;
; r15[21] ; Input    ; -- ; --   ; --   ; -- ; --   ; --    ; --     ; --                     ; --                       ;
; r15[22] ; Input    ; -- ; --   ; --   ; -- ; --   ; --    ; --     ; --                     ; --                       ;
; r15[23] ; Input    ; -- ; --   ; --   ; -- ; --   ; --    ; --     ; --                     ; --                       ;
; r15[24] ; Input    ; -- ; --   ; --   ; -- ; --   ; --    ; --     ; --                     ; --                       ;
; r15[25] ; Input    ; -- ; --   ; --   ; -- ; --   ; --    ; --     ; --                     ; --                       ;
; r15[26] ; Input    ; -- ; --   ; --   ; -- ; --   ; --    ; --     ; --                     ; --                       ;
; r15[27] ; Input    ; -- ; --   ; --   ; -- ; --   ; --    ; --     ; --                     ; --                       ;
; r15[28] ; Input    ; -- ; --   ; --   ; -- ; --   ; --    ; --     ; --                     ; --                       ;
; r15[29] ; Input    ; -- ; --   ; --   ; -- ; --   ; --    ; --     ; --                     ; --                       ;
; r15[30] ; Input    ; -- ; --   ; --   ; -- ; --   ; --    ; --     ; --                     ; --                       ;
; r15[31] ; Input    ; -- ; --   ; --   ; -- ; --   ; --    ; --     ; --                     ; --                       ;
; rd1[0]  ; Output   ; -- ; --   ; --   ; -- ; (0)  ; (31)  ; --     ; --                     ; --                       ;
; rd1[1]  ; Output   ; -- ; --   ; --   ; -- ; (0)  ; (31)  ; --     ; --                     ; --                       ;
; rd1[2]  ; Output   ; -- ; --   ; --   ; -- ; (0)  ; (31)  ; --     ; --                     ; --                       ;
; rd1[3]  ; Output   ; -- ; --   ; --   ; -- ; (0)  ; (31)  ; --     ; --                     ; --                       ;
; rd1[4]  ; Output   ; -- ; --   ; --   ; -- ; (0)  ; (31)  ; --     ; --                     ; --                       ;
; rd1[5]  ; Output   ; -- ; --   ; --   ; -- ; (0)  ; (31)  ; --     ; --                     ; --                       ;
; rd1[6]  ; Output   ; -- ; --   ; --   ; -- ; (0)  ; (31)  ; --     ; --                     ; --                       ;
; rd1[7]  ; Output   ; -- ; --   ; --   ; -- ; (0)  ; (31)  ; --     ; --                     ; --                       ;
; rd1[8]  ; Output   ; -- ; --   ; --   ; -- ; (0)  ; (31)  ; --     ; --                     ; --                       ;
; rd1[9]  ; Output   ; -- ; --   ; --   ; -- ; (0)  ; (31)  ; --     ; --                     ; --                       ;
; rd1[10] ; Output   ; -- ; --   ; --   ; -- ; (0)  ; (31)  ; --     ; --                     ; --                       ;
; rd1[11] ; Output   ; -- ; --   ; --   ; -- ; (0)  ; (31)  ; --     ; --                     ; --                       ;
; rd1[12] ; Output   ; -- ; --   ; --   ; -- ; (0)  ; (31)  ; --     ; --                     ; --                       ;
; rd1[13] ; Output   ; -- ; --   ; --   ; -- ; (0)  ; (31)  ; --     ; --                     ; --                       ;
; rd1[14] ; Output   ; -- ; --   ; --   ; -- ; (0)  ; (31)  ; --     ; --                     ; --                       ;
; rd1[15] ; Output   ; -- ; --   ; --   ; -- ; (0)  ; (31)  ; --     ; --                     ; --                       ;
; rd1[16] ; Output   ; -- ; --   ; --   ; -- ; (0)  ; (31)  ; --     ; --                     ; --                       ;
; rd1[17] ; Output   ; -- ; --   ; --   ; -- ; (0)  ; (31)  ; --     ; --                     ; --                       ;
; rd1[18] ; Output   ; -- ; --   ; --   ; -- ; (0)  ; (31)  ; --     ; --                     ; --                       ;
; rd1[19] ; Output   ; -- ; --   ; --   ; -- ; (0)  ; (31)  ; --     ; --                     ; --                       ;
; rd1[20] ; Output   ; -- ; --   ; --   ; -- ; (0)  ; (31)  ; --     ; --                     ; --                       ;
; rd1[21] ; Output   ; -- ; --   ; --   ; -- ; (0)  ; (31)  ; --     ; --                     ; --                       ;
; rd1[22] ; Output   ; -- ; --   ; --   ; -- ; (0)  ; (31)  ; --     ; --                     ; --                       ;
; rd1[23] ; Output   ; -- ; --   ; --   ; -- ; (0)  ; (31)  ; --     ; --                     ; --                       ;
; rd1[24] ; Output   ; -- ; --   ; --   ; -- ; (0)  ; (31)  ; --     ; --                     ; --                       ;
; rd1[25] ; Output   ; -- ; --   ; --   ; -- ; (0)  ; (31)  ; --     ; --                     ; --                       ;
; rd1[26] ; Output   ; -- ; --   ; --   ; -- ; (0)  ; (31)  ; --     ; --                     ; --                       ;
; rd1[27] ; Output   ; -- ; --   ; --   ; -- ; (0)  ; (31)  ; --     ; --                     ; --                       ;
; rd1[28] ; Output   ; -- ; --   ; --   ; -- ; (0)  ; (31)  ; --     ; --                     ; --                       ;
; rd1[29] ; Output   ; -- ; --   ; --   ; -- ; (0)  ; (31)  ; --     ; --                     ; --                       ;
; rd1[30] ; Output   ; -- ; --   ; --   ; -- ; (0)  ; (31)  ; --     ; --                     ; --                       ;
; rd1[31] ; Output   ; -- ; --   ; --   ; -- ; (0)  ; (31)  ; --     ; --                     ; --                       ;
; rd2[0]  ; Output   ; -- ; --   ; --   ; -- ; (0)  ; (31)  ; --     ; --                     ; --                       ;
; rd2[1]  ; Output   ; -- ; --   ; --   ; -- ; (0)  ; (31)  ; --     ; --                     ; --                       ;
; rd2[2]  ; Output   ; -- ; --   ; --   ; -- ; (0)  ; (31)  ; --     ; --                     ; --                       ;
; rd2[3]  ; Output   ; -- ; --   ; --   ; -- ; (0)  ; (31)  ; --     ; --                     ; --                       ;
; rd2[4]  ; Output   ; -- ; --   ; --   ; -- ; (0)  ; (31)  ; --     ; --                     ; --                       ;
; rd2[5]  ; Output   ; -- ; --   ; --   ; -- ; (0)  ; (31)  ; --     ; --                     ; --                       ;
; rd2[6]  ; Output   ; -- ; --   ; --   ; -- ; (0)  ; (31)  ; --     ; --                     ; --                       ;
; rd2[7]  ; Output   ; -- ; --   ; --   ; -- ; (0)  ; (31)  ; --     ; --                     ; --                       ;
; rd2[8]  ; Output   ; -- ; --   ; --   ; -- ; (0)  ; (31)  ; --     ; --                     ; --                       ;
; rd2[9]  ; Output   ; -- ; --   ; --   ; -- ; (0)  ; (31)  ; --     ; --                     ; --                       ;
; rd2[10] ; Output   ; -- ; --   ; --   ; -- ; (0)  ; (31)  ; --     ; --                     ; --                       ;
; rd2[11] ; Output   ; -- ; --   ; --   ; -- ; (0)  ; (31)  ; --     ; --                     ; --                       ;
; rd2[12] ; Output   ; -- ; --   ; --   ; -- ; (0)  ; (31)  ; --     ; --                     ; --                       ;
; rd2[13] ; Output   ; -- ; --   ; --   ; -- ; (0)  ; (31)  ; --     ; --                     ; --                       ;
; rd2[14] ; Output   ; -- ; --   ; --   ; -- ; (0)  ; (31)  ; --     ; --                     ; --                       ;
; rd2[15] ; Output   ; -- ; --   ; --   ; -- ; (0)  ; (31)  ; --     ; --                     ; --                       ;
; rd2[16] ; Output   ; -- ; --   ; --   ; -- ; (0)  ; (31)  ; --     ; --                     ; --                       ;
; rd2[17] ; Output   ; -- ; --   ; --   ; -- ; (0)  ; (31)  ; --     ; --                     ; --                       ;
; rd2[18] ; Output   ; -- ; --   ; --   ; -- ; (0)  ; (31)  ; --     ; --                     ; --                       ;
; rd2[19] ; Output   ; -- ; --   ; --   ; -- ; (0)  ; (31)  ; --     ; --                     ; --                       ;
; rd2[20] ; Output   ; -- ; --   ; --   ; -- ; (0)  ; (31)  ; --     ; --                     ; --                       ;
; rd2[21] ; Output   ; -- ; --   ; --   ; -- ; (0)  ; (31)  ; --     ; --                     ; --                       ;
; rd2[22] ; Output   ; -- ; --   ; --   ; -- ; (0)  ; (31)  ; --     ; --                     ; --                       ;
; rd2[23] ; Output   ; -- ; --   ; --   ; -- ; (0)  ; (31)  ; --     ; --                     ; --                       ;
; rd2[24] ; Output   ; -- ; --   ; --   ; -- ; (0)  ; (31)  ; --     ; --                     ; --                       ;
; rd2[25] ; Output   ; -- ; --   ; --   ; -- ; (0)  ; (31)  ; --     ; --                     ; --                       ;
; rd2[26] ; Output   ; -- ; --   ; --   ; -- ; (0)  ; (31)  ; --     ; --                     ; --                       ;
; rd2[27] ; Output   ; -- ; --   ; --   ; -- ; (0)  ; (31)  ; --     ; --                     ; --                       ;
; rd2[28] ; Output   ; -- ; --   ; --   ; -- ; (0)  ; (31)  ; --     ; --                     ; --                       ;
; rd2[29] ; Output   ; -- ; --   ; --   ; -- ; (0)  ; (31)  ; --     ; --                     ; --                       ;
; rd2[30] ; Output   ; -- ; --   ; --   ; -- ; (0)  ; (31)  ; --     ; --                     ; --                       ;
; rd2[31] ; Output   ; -- ; --   ; --   ; -- ; (0)  ; (31)  ; --     ; --                     ; --                       ;
; a1[0]   ; Input    ; -- ; (0)  ; --   ; -- ; --   ; --    ; --     ; --                     ; --                       ;
; a1[1]   ; Input    ; -- ; --   ; (0)  ; -- ; --   ; --    ; --     ; --                     ; --                       ;
; a1[2]   ; Input    ; -- ; --   ; (0)  ; -- ; --   ; --    ; --     ; --                     ; --                       ;
; a1[3]   ; Input    ; -- ; (0)  ; --   ; -- ; --   ; --    ; --     ; --                     ; --                       ;
; a2[0]   ; Input    ; -- ; --   ; (0)  ; -- ; --   ; --    ; --     ; --                     ; --                       ;
; a2[1]   ; Input    ; -- ; --   ; (0)  ; -- ; --   ; --    ; --     ; --                     ; --                       ;
; a2[2]   ; Input    ; -- ; (0)  ; --   ; -- ; --   ; --    ; --     ; --                     ; --                       ;
; a2[3]   ; Input    ; -- ; (0)  ; --   ; -- ; --   ; --    ; --     ; --                     ; --                       ;
; wd3[0]  ; Input    ; -- ; --   ; (0)  ; -- ; --   ; --    ; --     ; --                     ; --                       ;
; clk     ; Input    ; -- ; (0)  ; --   ; -- ; --   ; --    ; --     ; --                     ; --                       ;
; rst     ; Input    ; -- ; (0)  ; --   ; -- ; --   ; --    ; --     ; --                     ; --                       ;
; a3[1]   ; Input    ; -- ; (0)  ; --   ; -- ; --   ; --    ; --     ; --                     ; --                       ;
; a3[2]   ; Input    ; -- ; --   ; (0)  ; -- ; --   ; --    ; --     ; --                     ; --                       ;
; a3[3]   ; Input    ; -- ; --   ; (0)  ; -- ; --   ; --    ; --     ; --                     ; --                       ;
; we3     ; Input    ; -- ; --   ; (0)  ; -- ; --   ; --    ; --     ; --                     ; --                       ;
; a3[0]   ; Input    ; -- ; (0)  ; --   ; -- ; --   ; --    ; --     ; --                     ; --                       ;
; wd3[1]  ; Input    ; -- ; --   ; (0)  ; -- ; --   ; --    ; --     ; --                     ; --                       ;
; wd3[2]  ; Input    ; -- ; --   ; (0)  ; -- ; --   ; --    ; --     ; --                     ; --                       ;
; wd3[3]  ; Input    ; -- ; --   ; (0)  ; -- ; --   ; --    ; --     ; --                     ; --                       ;
; wd3[4]  ; Input    ; -- ; --   ; (0)  ; -- ; --   ; --    ; --     ; --                     ; --                       ;
; wd3[5]  ; Input    ; -- ; --   ; (0)  ; -- ; --   ; --    ; --     ; --                     ; --                       ;
; wd3[6]  ; Input    ; -- ; --   ; (0)  ; -- ; --   ; --    ; --     ; --                     ; --                       ;
; wd3[7]  ; Input    ; -- ; --   ; (0)  ; -- ; --   ; --    ; --     ; --                     ; --                       ;
; wd3[8]  ; Input    ; -- ; --   ; (0)  ; -- ; --   ; --    ; --     ; --                     ; --                       ;
; wd3[9]  ; Input    ; -- ; --   ; (0)  ; -- ; --   ; --    ; --     ; --                     ; --                       ;
; wd3[10] ; Input    ; -- ; --   ; (0)  ; -- ; --   ; --    ; --     ; --                     ; --                       ;
; wd3[11] ; Input    ; -- ; --   ; (0)  ; -- ; --   ; --    ; --     ; --                     ; --                       ;
; wd3[12] ; Input    ; -- ; (0)  ; --   ; -- ; --   ; --    ; --     ; --                     ; --                       ;
; wd3[13] ; Input    ; -- ; --   ; (0)  ; -- ; --   ; --    ; --     ; --                     ; --                       ;
; wd3[14] ; Input    ; -- ; --   ; (0)  ; -- ; --   ; --    ; --     ; --                     ; --                       ;
; wd3[15] ; Input    ; -- ; (0)  ; --   ; -- ; --   ; --    ; --     ; --                     ; --                       ;
; wd3[16] ; Input    ; -- ; --   ; (0)  ; -- ; --   ; --    ; --     ; --                     ; --                       ;
; wd3[17] ; Input    ; -- ; --   ; (0)  ; -- ; --   ; --    ; --     ; --                     ; --                       ;
; wd3[18] ; Input    ; -- ; (0)  ; --   ; -- ; --   ; --    ; --     ; --                     ; --                       ;
; wd3[19] ; Input    ; -- ; (0)  ; --   ; -- ; --   ; --    ; --     ; --                     ; --                       ;
; wd3[20] ; Input    ; -- ; --   ; (0)  ; -- ; --   ; --    ; --     ; --                     ; --                       ;
; wd3[21] ; Input    ; -- ; --   ; (0)  ; -- ; --   ; --    ; --     ; --                     ; --                       ;
; wd3[22] ; Input    ; -- ; (0)  ; --   ; -- ; --   ; --    ; --     ; --                     ; --                       ;
; wd3[23] ; Input    ; -- ; --   ; (0)  ; -- ; --   ; --    ; --     ; --                     ; --                       ;
; wd3[24] ; Input    ; -- ; --   ; (0)  ; -- ; --   ; --    ; --     ; --                     ; --                       ;
; wd3[25] ; Input    ; -- ; (0)  ; --   ; -- ; --   ; --    ; --     ; --                     ; --                       ;
; wd3[26] ; Input    ; -- ; --   ; (0)  ; -- ; --   ; --    ; --     ; --                     ; --                       ;
; wd3[27] ; Input    ; -- ; --   ; (0)  ; -- ; --   ; --    ; --     ; --                     ; --                       ;
; wd3[28] ; Input    ; -- ; --   ; (0)  ; -- ; --   ; --    ; --     ; --                     ; --                       ;
; wd3[29] ; Input    ; -- ; (0)  ; --   ; -- ; --   ; --    ; --     ; --                     ; --                       ;
; wd3[30] ; Input    ; -- ; --   ; (0)  ; -- ; --   ; --    ; --     ; --                     ; --                       ;
; wd3[31] ; Input    ; -- ; (0)  ; --   ; -- ; --   ; --    ; --     ; --                     ; --                       ;
+---------+----------+----+------+------+----+------+-------+--------+------------------------+--------------------------+


+----------------------------------------------------------+
; Pad To Core Delay Chain Fanout                           ;
+----------------------------+-------------------+---------+
; Source Pin / Fanout        ; Pad To Core Index ; Setting ;
+----------------------------+-------------------+---------+
; r15[0]                     ;                   ;         ;
; r15[1]                     ;                   ;         ;
; r15[2]                     ;                   ;         ;
; r15[3]                     ;                   ;         ;
; r15[4]                     ;                   ;         ;
; r15[5]                     ;                   ;         ;
; r15[6]                     ;                   ;         ;
; r15[7]                     ;                   ;         ;
; r15[8]                     ;                   ;         ;
; r15[9]                     ;                   ;         ;
; r15[10]                    ;                   ;         ;
; r15[11]                    ;                   ;         ;
; r15[12]                    ;                   ;         ;
; r15[13]                    ;                   ;         ;
; r15[14]                    ;                   ;         ;
; r15[15]                    ;                   ;         ;
; r15[16]                    ;                   ;         ;
; r15[17]                    ;                   ;         ;
; r15[18]                    ;                   ;         ;
; r15[19]                    ;                   ;         ;
; r15[20]                    ;                   ;         ;
; r15[21]                    ;                   ;         ;
; r15[22]                    ;                   ;         ;
; r15[23]                    ;                   ;         ;
; r15[24]                    ;                   ;         ;
; r15[25]                    ;                   ;         ;
; r15[26]                    ;                   ;         ;
; r15[27]                    ;                   ;         ;
; r15[28]                    ;                   ;         ;
; r15[29]                    ;                   ;         ;
; r15[30]                    ;                   ;         ;
; r15[31]                    ;                   ;         ;
; a1[0]                      ;                   ;         ;
;      - Mux31~0             ; 0                 ; 0       ;
;      - Mux31~1             ; 0                 ; 0       ;
;      - Mux31~2             ; 0                 ; 0       ;
;      - Mux31~3             ; 0                 ; 0       ;
;      - Mux30~4             ; 0                 ; 0       ;
;      - Mux29~0             ; 0                 ; 0       ;
;      - Mux29~1             ; 0                 ; 0       ;
;      - Mux29~2             ; 0                 ; 0       ;
;      - Mux29~3             ; 0                 ; 0       ;
;      - Mux28~4             ; 0                 ; 0       ;
;      - Mux27~0             ; 0                 ; 0       ;
;      - Mux27~1             ; 0                 ; 0       ;
;      - Mux27~2             ; 0                 ; 0       ;
;      - Mux27~3             ; 0                 ; 0       ;
;      - Mux26~4             ; 0                 ; 0       ;
;      - Mux25~0             ; 0                 ; 0       ;
;      - Mux25~1             ; 0                 ; 0       ;
;      - Mux25~2             ; 0                 ; 0       ;
;      - Mux25~3             ; 0                 ; 0       ;
;      - Mux24~4             ; 0                 ; 0       ;
;      - Mux23~0             ; 0                 ; 0       ;
;      - Mux23~1             ; 0                 ; 0       ;
;      - Mux23~2             ; 0                 ; 0       ;
;      - Mux23~3             ; 0                 ; 0       ;
;      - Mux22~4             ; 0                 ; 0       ;
;      - Mux21~0             ; 0                 ; 0       ;
;      - Mux21~1             ; 0                 ; 0       ;
;      - Mux21~2             ; 0                 ; 0       ;
;      - Mux21~3             ; 0                 ; 0       ;
;      - Mux20~4             ; 0                 ; 0       ;
;      - Mux19~0             ; 0                 ; 0       ;
;      - Mux19~1             ; 0                 ; 0       ;
;      - Mux19~2             ; 0                 ; 0       ;
;      - Mux19~3             ; 0                 ; 0       ;
;      - Mux18~4             ; 0                 ; 0       ;
;      - Mux17~0             ; 0                 ; 0       ;
;      - Mux17~1             ; 0                 ; 0       ;
;      - Mux17~2             ; 0                 ; 0       ;
;      - Mux17~3             ; 0                 ; 0       ;
;      - Mux16~4             ; 0                 ; 0       ;
;      - Mux15~0             ; 0                 ; 0       ;
;      - Mux15~1             ; 0                 ; 0       ;
;      - Mux15~2             ; 0                 ; 0       ;
;      - Mux15~3             ; 0                 ; 0       ;
;      - Mux14~4             ; 0                 ; 0       ;
;      - Mux13~0             ; 0                 ; 0       ;
;      - Mux13~1             ; 0                 ; 0       ;
;      - Mux13~2             ; 0                 ; 0       ;
;      - Mux13~3             ; 0                 ; 0       ;
;      - Mux12~4             ; 0                 ; 0       ;
;      - Mux11~0             ; 0                 ; 0       ;
;      - Mux11~1             ; 0                 ; 0       ;
;      - Mux11~2             ; 0                 ; 0       ;
;      - Mux11~3             ; 0                 ; 0       ;
;      - Mux10~4             ; 0                 ; 0       ;
;      - Mux9~0              ; 0                 ; 0       ;
;      - Mux9~1              ; 0                 ; 0       ;
;      - Mux9~2              ; 0                 ; 0       ;
;      - Mux9~3              ; 0                 ; 0       ;
;      - Mux8~4              ; 0                 ; 0       ;
;      - Mux7~0              ; 0                 ; 0       ;
;      - Mux7~1              ; 0                 ; 0       ;
;      - Mux7~2              ; 0                 ; 0       ;
;      - Mux7~3              ; 0                 ; 0       ;
;      - Mux6~4              ; 0                 ; 0       ;
;      - Mux5~0              ; 0                 ; 0       ;
;      - Mux5~1              ; 0                 ; 0       ;
;      - Mux5~2              ; 0                 ; 0       ;
;      - Mux5~3              ; 0                 ; 0       ;
;      - Mux4~4              ; 0                 ; 0       ;
;      - Mux3~0              ; 0                 ; 0       ;
;      - Mux3~1              ; 0                 ; 0       ;
;      - Mux3~2              ; 0                 ; 0       ;
;      - Mux3~3              ; 0                 ; 0       ;
;      - Mux2~4              ; 0                 ; 0       ;
;      - Mux1~0              ; 0                 ; 0       ;
;      - Mux1~1              ; 0                 ; 0       ;
;      - Mux1~2              ; 0                 ; 0       ;
;      - Mux1~3              ; 0                 ; 0       ;
;      - Mux0~4              ; 0                 ; 0       ;
; a1[1]                      ;                   ;         ;
;      - Mux31~0             ; 1                 ; 0       ;
;      - Mux31~1             ; 1                 ; 0       ;
;      - Mux31~2             ; 1                 ; 0       ;
;      - Mux31~3             ; 1                 ; 0       ;
;      - Mux30~4             ; 1                 ; 0       ;
;      - Mux29~0             ; 1                 ; 0       ;
;      - Mux29~1             ; 1                 ; 0       ;
;      - Mux29~2             ; 1                 ; 0       ;
;      - Mux29~3             ; 1                 ; 0       ;
;      - Mux28~4             ; 1                 ; 0       ;
;      - Mux27~0             ; 1                 ; 0       ;
;      - Mux27~1             ; 1                 ; 0       ;
;      - Mux27~2             ; 1                 ; 0       ;
;      - Mux27~3             ; 1                 ; 0       ;
;      - Mux26~4             ; 1                 ; 0       ;
;      - Mux25~0             ; 1                 ; 0       ;
;      - Mux25~1             ; 1                 ; 0       ;
;      - Mux25~2             ; 1                 ; 0       ;
;      - Mux25~3             ; 1                 ; 0       ;
;      - Mux24~4             ; 1                 ; 0       ;
;      - Mux23~0             ; 1                 ; 0       ;
;      - Mux23~1             ; 1                 ; 0       ;
;      - Mux23~2             ; 1                 ; 0       ;
;      - Mux23~3             ; 1                 ; 0       ;
;      - Mux22~4             ; 1                 ; 0       ;
;      - Mux21~0             ; 1                 ; 0       ;
;      - Mux21~1             ; 1                 ; 0       ;
;      - Mux21~2             ; 1                 ; 0       ;
;      - Mux21~3             ; 1                 ; 0       ;
;      - Mux20~4             ; 1                 ; 0       ;
;      - Mux19~0             ; 1                 ; 0       ;
;      - Mux19~1             ; 1                 ; 0       ;
;      - Mux19~2             ; 1                 ; 0       ;
;      - Mux19~3             ; 1                 ; 0       ;
;      - Mux18~4             ; 1                 ; 0       ;
;      - Mux17~0             ; 1                 ; 0       ;
;      - Mux17~1             ; 1                 ; 0       ;
;      - Mux17~2             ; 1                 ; 0       ;
;      - Mux17~3             ; 1                 ; 0       ;
;      - Mux16~4             ; 1                 ; 0       ;
;      - Mux15~0             ; 1                 ; 0       ;
;      - Mux15~1             ; 1                 ; 0       ;
;      - Mux15~2             ; 1                 ; 0       ;
;      - Mux15~3             ; 1                 ; 0       ;
;      - Mux14~4             ; 1                 ; 0       ;
;      - Mux13~0             ; 1                 ; 0       ;
;      - Mux13~1             ; 1                 ; 0       ;
;      - Mux13~2             ; 1                 ; 0       ;
;      - Mux13~3             ; 1                 ; 0       ;
;      - Mux12~4             ; 1                 ; 0       ;
;      - Mux11~0             ; 1                 ; 0       ;
;      - Mux11~1             ; 1                 ; 0       ;
;      - Mux11~2             ; 1                 ; 0       ;
;      - Mux11~3             ; 1                 ; 0       ;
;      - Mux10~4             ; 1                 ; 0       ;
;      - Mux9~0              ; 1                 ; 0       ;
;      - Mux9~1              ; 1                 ; 0       ;
;      - Mux9~2              ; 1                 ; 0       ;
;      - Mux9~3              ; 1                 ; 0       ;
;      - Mux8~4              ; 1                 ; 0       ;
;      - Mux7~0              ; 1                 ; 0       ;
;      - Mux7~1              ; 1                 ; 0       ;
;      - Mux7~2              ; 1                 ; 0       ;
;      - Mux7~3              ; 1                 ; 0       ;
;      - Mux6~4              ; 1                 ; 0       ;
;      - Mux5~0              ; 1                 ; 0       ;
;      - Mux5~1              ; 1                 ; 0       ;
;      - Mux5~2              ; 1                 ; 0       ;
;      - Mux5~3              ; 1                 ; 0       ;
;      - Mux4~4              ; 1                 ; 0       ;
;      - Mux3~0              ; 1                 ; 0       ;
;      - Mux3~1              ; 1                 ; 0       ;
;      - Mux3~2              ; 1                 ; 0       ;
;      - Mux3~3              ; 1                 ; 0       ;
;      - Mux2~4              ; 1                 ; 0       ;
;      - Mux1~0              ; 1                 ; 0       ;
;      - Mux1~1              ; 1                 ; 0       ;
;      - Mux1~2              ; 1                 ; 0       ;
;      - Mux1~3              ; 1                 ; 0       ;
;      - Mux0~4              ; 1                 ; 0       ;
; a1[2]                      ;                   ;         ;
;      - Mux31~4             ; 1                 ; 0       ;
;      - Mux30~0             ; 1                 ; 0       ;
;      - Mux30~1             ; 1                 ; 0       ;
;      - Mux30~2             ; 1                 ; 0       ;
;      - Mux30~3             ; 1                 ; 0       ;
;      - Mux29~4             ; 1                 ; 0       ;
;      - Mux28~0             ; 1                 ; 0       ;
;      - Mux28~1             ; 1                 ; 0       ;
;      - Mux28~2             ; 1                 ; 0       ;
;      - Mux28~3             ; 1                 ; 0       ;
;      - Mux27~4             ; 1                 ; 0       ;
;      - Mux26~0             ; 1                 ; 0       ;
;      - Mux26~1             ; 1                 ; 0       ;
;      - Mux26~2             ; 1                 ; 0       ;
;      - Mux26~3             ; 1                 ; 0       ;
;      - Mux25~4             ; 1                 ; 0       ;
;      - Mux24~0             ; 1                 ; 0       ;
;      - Mux24~1             ; 1                 ; 0       ;
;      - Mux24~2             ; 1                 ; 0       ;
;      - Mux24~3             ; 1                 ; 0       ;
;      - Mux23~4             ; 1                 ; 0       ;
;      - Mux22~0             ; 1                 ; 0       ;
;      - Mux22~1             ; 1                 ; 0       ;
;      - Mux22~2             ; 1                 ; 0       ;
;      - Mux22~3             ; 1                 ; 0       ;
;      - Mux21~4             ; 1                 ; 0       ;
;      - Mux20~0             ; 1                 ; 0       ;
;      - Mux20~1             ; 1                 ; 0       ;
;      - Mux20~2             ; 1                 ; 0       ;
;      - Mux20~3             ; 1                 ; 0       ;
;      - Mux19~4             ; 1                 ; 0       ;
;      - Mux18~0             ; 1                 ; 0       ;
;      - Mux18~1             ; 1                 ; 0       ;
;      - Mux18~2             ; 1                 ; 0       ;
;      - Mux18~3             ; 1                 ; 0       ;
;      - Mux17~4             ; 1                 ; 0       ;
;      - Mux16~0             ; 1                 ; 0       ;
;      - Mux16~1             ; 1                 ; 0       ;
;      - Mux16~2             ; 1                 ; 0       ;
;      - Mux16~3             ; 1                 ; 0       ;
;      - Mux15~4             ; 1                 ; 0       ;
;      - Mux14~0             ; 1                 ; 0       ;
;      - Mux14~1             ; 1                 ; 0       ;
;      - Mux14~2             ; 1                 ; 0       ;
;      - Mux14~3             ; 1                 ; 0       ;
;      - Mux13~4             ; 1                 ; 0       ;
;      - Mux12~0             ; 1                 ; 0       ;
;      - Mux12~1             ; 1                 ; 0       ;
;      - Mux12~2             ; 1                 ; 0       ;
;      - Mux12~3             ; 1                 ; 0       ;
;      - Mux11~4             ; 1                 ; 0       ;
;      - Mux10~0             ; 1                 ; 0       ;
;      - Mux10~1             ; 1                 ; 0       ;
;      - Mux10~2             ; 1                 ; 0       ;
;      - Mux10~3             ; 1                 ; 0       ;
;      - Mux9~4              ; 1                 ; 0       ;
;      - Mux8~0              ; 1                 ; 0       ;
;      - Mux8~1              ; 1                 ; 0       ;
;      - Mux8~2              ; 1                 ; 0       ;
;      - Mux8~3              ; 1                 ; 0       ;
;      - Mux7~4              ; 1                 ; 0       ;
;      - Mux6~0              ; 1                 ; 0       ;
;      - Mux6~1              ; 1                 ; 0       ;
;      - Mux6~2              ; 1                 ; 0       ;
;      - Mux6~3              ; 1                 ; 0       ;
;      - Mux5~4              ; 1                 ; 0       ;
;      - Mux4~0              ; 1                 ; 0       ;
;      - Mux4~1              ; 1                 ; 0       ;
;      - Mux4~2              ; 1                 ; 0       ;
;      - Mux4~3              ; 1                 ; 0       ;
;      - Mux3~4              ; 1                 ; 0       ;
;      - Mux2~0              ; 1                 ; 0       ;
;      - Mux2~1              ; 1                 ; 0       ;
;      - Mux2~2              ; 1                 ; 0       ;
;      - Mux2~3              ; 1                 ; 0       ;
;      - Mux1~4              ; 1                 ; 0       ;
;      - Mux0~0              ; 1                 ; 0       ;
;      - Mux0~1              ; 1                 ; 0       ;
;      - Mux0~2              ; 1                 ; 0       ;
;      - Mux0~3              ; 1                 ; 0       ;
; a1[3]                      ;                   ;         ;
;      - Mux31~4             ; 0                 ; 0       ;
;      - Mux30~0             ; 0                 ; 0       ;
;      - Mux30~1             ; 0                 ; 0       ;
;      - Mux30~2             ; 0                 ; 0       ;
;      - Mux30~3             ; 0                 ; 0       ;
;      - Mux29~4             ; 0                 ; 0       ;
;      - Mux28~0             ; 0                 ; 0       ;
;      - Mux28~1             ; 0                 ; 0       ;
;      - Mux28~2             ; 0                 ; 0       ;
;      - Mux28~3             ; 0                 ; 0       ;
;      - Mux27~4             ; 0                 ; 0       ;
;      - Mux26~0             ; 0                 ; 0       ;
;      - Mux26~1             ; 0                 ; 0       ;
;      - Mux26~2             ; 0                 ; 0       ;
;      - Mux26~3             ; 0                 ; 0       ;
;      - Mux25~4             ; 0                 ; 0       ;
;      - Mux24~0             ; 0                 ; 0       ;
;      - Mux24~1             ; 0                 ; 0       ;
;      - Mux24~2             ; 0                 ; 0       ;
;      - Mux24~3             ; 0                 ; 0       ;
;      - Mux23~4             ; 0                 ; 0       ;
;      - Mux22~0             ; 0                 ; 0       ;
;      - Mux22~1             ; 0                 ; 0       ;
;      - Mux22~2             ; 0                 ; 0       ;
;      - Mux22~3             ; 0                 ; 0       ;
;      - Mux21~4             ; 0                 ; 0       ;
;      - Mux20~0             ; 0                 ; 0       ;
;      - Mux20~1             ; 0                 ; 0       ;
;      - Mux20~2             ; 0                 ; 0       ;
;      - Mux20~3             ; 0                 ; 0       ;
;      - Mux19~4             ; 0                 ; 0       ;
;      - Mux18~0             ; 0                 ; 0       ;
;      - Mux18~1             ; 0                 ; 0       ;
;      - Mux18~2             ; 0                 ; 0       ;
;      - Mux18~3             ; 0                 ; 0       ;
;      - Mux17~4             ; 0                 ; 0       ;
;      - Mux16~0             ; 0                 ; 0       ;
;      - Mux16~1             ; 0                 ; 0       ;
;      - Mux16~2             ; 0                 ; 0       ;
;      - Mux16~3             ; 0                 ; 0       ;
;      - Mux15~4             ; 0                 ; 0       ;
;      - Mux14~0             ; 0                 ; 0       ;
;      - Mux14~1             ; 0                 ; 0       ;
;      - Mux14~2             ; 0                 ; 0       ;
;      - Mux14~3             ; 0                 ; 0       ;
;      - Mux13~4             ; 0                 ; 0       ;
;      - Mux12~0             ; 0                 ; 0       ;
;      - Mux12~1             ; 0                 ; 0       ;
;      - Mux12~2             ; 0                 ; 0       ;
;      - Mux12~3             ; 0                 ; 0       ;
;      - Mux11~4             ; 0                 ; 0       ;
;      - Mux10~0             ; 0                 ; 0       ;
;      - Mux10~1             ; 0                 ; 0       ;
;      - Mux10~2             ; 0                 ; 0       ;
;      - Mux10~3             ; 0                 ; 0       ;
;      - Mux9~4              ; 0                 ; 0       ;
;      - Mux8~0              ; 0                 ; 0       ;
;      - Mux8~1              ; 0                 ; 0       ;
;      - Mux8~2              ; 0                 ; 0       ;
;      - Mux8~3              ; 0                 ; 0       ;
;      - Mux7~4              ; 0                 ; 0       ;
;      - Mux6~0              ; 0                 ; 0       ;
;      - Mux6~1              ; 0                 ; 0       ;
;      - Mux6~2              ; 0                 ; 0       ;
;      - Mux6~3              ; 0                 ; 0       ;
;      - Mux5~4              ; 0                 ; 0       ;
;      - Mux4~0              ; 0                 ; 0       ;
;      - Mux4~1              ; 0                 ; 0       ;
;      - Mux4~2              ; 0                 ; 0       ;
;      - Mux4~3              ; 0                 ; 0       ;
;      - Mux3~4              ; 0                 ; 0       ;
;      - Mux2~0              ; 0                 ; 0       ;
;      - Mux2~1              ; 0                 ; 0       ;
;      - Mux2~2              ; 0                 ; 0       ;
;      - Mux2~3              ; 0                 ; 0       ;
;      - Mux1~4              ; 0                 ; 0       ;
;      - Mux0~0              ; 0                 ; 0       ;
;      - Mux0~1              ; 0                 ; 0       ;
;      - Mux0~2              ; 0                 ; 0       ;
;      - Mux0~3              ; 0                 ; 0       ;
; a2[0]                      ;                   ;         ;
;      - Mux63~0             ; 1                 ; 0       ;
;      - Mux63~1             ; 1                 ; 0       ;
;      - Mux63~2             ; 1                 ; 0       ;
;      - Mux63~3             ; 1                 ; 0       ;
;      - Mux62~4             ; 1                 ; 0       ;
;      - Mux61~0             ; 1                 ; 0       ;
;      - Mux61~1             ; 1                 ; 0       ;
;      - Mux61~2             ; 1                 ; 0       ;
;      - Mux61~3             ; 1                 ; 0       ;
;      - Mux60~4             ; 1                 ; 0       ;
;      - Mux59~0             ; 1                 ; 0       ;
;      - Mux59~1             ; 1                 ; 0       ;
;      - Mux59~2             ; 1                 ; 0       ;
;      - Mux59~3             ; 1                 ; 0       ;
;      - Mux58~4             ; 1                 ; 0       ;
;      - Mux57~0             ; 1                 ; 0       ;
;      - Mux57~1             ; 1                 ; 0       ;
;      - Mux57~2             ; 1                 ; 0       ;
;      - Mux57~3             ; 1                 ; 0       ;
;      - Mux56~4             ; 1                 ; 0       ;
;      - Mux55~0             ; 1                 ; 0       ;
;      - Mux55~1             ; 1                 ; 0       ;
;      - Mux55~2             ; 1                 ; 0       ;
;      - Mux55~3             ; 1                 ; 0       ;
;      - Mux54~4             ; 1                 ; 0       ;
;      - Mux53~0             ; 1                 ; 0       ;
;      - Mux53~1             ; 1                 ; 0       ;
;      - Mux53~2             ; 1                 ; 0       ;
;      - Mux53~3             ; 1                 ; 0       ;
;      - Mux52~4             ; 1                 ; 0       ;
;      - Mux51~0             ; 1                 ; 0       ;
;      - Mux51~1             ; 1                 ; 0       ;
;      - Mux51~2             ; 1                 ; 0       ;
;      - Mux51~3             ; 1                 ; 0       ;
;      - Mux50~4             ; 1                 ; 0       ;
;      - Mux49~0             ; 1                 ; 0       ;
;      - Mux49~1             ; 1                 ; 0       ;
;      - Mux49~2             ; 1                 ; 0       ;
;      - Mux49~3             ; 1                 ; 0       ;
;      - Mux48~4             ; 1                 ; 0       ;
;      - Mux47~0             ; 1                 ; 0       ;
;      - Mux47~1             ; 1                 ; 0       ;
;      - Mux47~2             ; 1                 ; 0       ;
;      - Mux47~3             ; 1                 ; 0       ;
;      - Mux46~4             ; 1                 ; 0       ;
;      - Mux45~0             ; 1                 ; 0       ;
;      - Mux45~1             ; 1                 ; 0       ;
;      - Mux45~2             ; 1                 ; 0       ;
;      - Mux45~3             ; 1                 ; 0       ;
;      - Mux44~4             ; 1                 ; 0       ;
;      - Mux43~0             ; 1                 ; 0       ;
;      - Mux43~1             ; 1                 ; 0       ;
;      - Mux43~2             ; 1                 ; 0       ;
;      - Mux43~3             ; 1                 ; 0       ;
;      - Mux42~4             ; 1                 ; 0       ;
;      - Mux41~0             ; 1                 ; 0       ;
;      - Mux41~1             ; 1                 ; 0       ;
;      - Mux41~2             ; 1                 ; 0       ;
;      - Mux41~3             ; 1                 ; 0       ;
;      - Mux40~4             ; 1                 ; 0       ;
;      - Mux39~0             ; 1                 ; 0       ;
;      - Mux39~1             ; 1                 ; 0       ;
;      - Mux39~2             ; 1                 ; 0       ;
;      - Mux39~3             ; 1                 ; 0       ;
;      - Mux38~4             ; 1                 ; 0       ;
;      - Mux37~0             ; 1                 ; 0       ;
;      - Mux37~1             ; 1                 ; 0       ;
;      - Mux37~2             ; 1                 ; 0       ;
;      - Mux37~3             ; 1                 ; 0       ;
;      - Mux36~4             ; 1                 ; 0       ;
;      - Mux35~0             ; 1                 ; 0       ;
;      - Mux35~1             ; 1                 ; 0       ;
;      - Mux35~2             ; 1                 ; 0       ;
;      - Mux35~3             ; 1                 ; 0       ;
;      - Mux34~4             ; 1                 ; 0       ;
;      - Mux33~0             ; 1                 ; 0       ;
;      - Mux33~1             ; 1                 ; 0       ;
;      - Mux33~2             ; 1                 ; 0       ;
;      - Mux33~3             ; 1                 ; 0       ;
;      - Mux32~4             ; 1                 ; 0       ;
; a2[1]                      ;                   ;         ;
;      - Mux63~0             ; 1                 ; 0       ;
;      - Mux63~1             ; 1                 ; 0       ;
;      - Mux63~2             ; 1                 ; 0       ;
;      - Mux63~3             ; 1                 ; 0       ;
;      - Mux62~4             ; 1                 ; 0       ;
;      - Mux61~0             ; 1                 ; 0       ;
;      - Mux61~1             ; 1                 ; 0       ;
;      - Mux61~2             ; 1                 ; 0       ;
;      - Mux61~3             ; 1                 ; 0       ;
;      - Mux60~4             ; 1                 ; 0       ;
;      - Mux59~0             ; 1                 ; 0       ;
;      - Mux59~1             ; 1                 ; 0       ;
;      - Mux59~2             ; 1                 ; 0       ;
;      - Mux59~3             ; 1                 ; 0       ;
;      - Mux58~4             ; 1                 ; 0       ;
;      - Mux57~0             ; 1                 ; 0       ;
;      - Mux57~1             ; 1                 ; 0       ;
;      - Mux57~2             ; 1                 ; 0       ;
;      - Mux57~3             ; 1                 ; 0       ;
;      - Mux56~4             ; 1                 ; 0       ;
;      - Mux55~0             ; 1                 ; 0       ;
;      - Mux55~1             ; 1                 ; 0       ;
;      - Mux55~2             ; 1                 ; 0       ;
;      - Mux55~3             ; 1                 ; 0       ;
;      - Mux54~4             ; 1                 ; 0       ;
;      - Mux53~0             ; 1                 ; 0       ;
;      - Mux53~1             ; 1                 ; 0       ;
;      - Mux53~2             ; 1                 ; 0       ;
;      - Mux53~3             ; 1                 ; 0       ;
;      - Mux52~4             ; 1                 ; 0       ;
;      - Mux51~0             ; 1                 ; 0       ;
;      - Mux51~1             ; 1                 ; 0       ;
;      - Mux51~2             ; 1                 ; 0       ;
;      - Mux51~3             ; 1                 ; 0       ;
;      - Mux50~4             ; 1                 ; 0       ;
;      - Mux49~0             ; 1                 ; 0       ;
;      - Mux49~1             ; 1                 ; 0       ;
;      - Mux49~2             ; 1                 ; 0       ;
;      - Mux49~3             ; 1                 ; 0       ;
;      - Mux48~4             ; 1                 ; 0       ;
;      - Mux47~0             ; 1                 ; 0       ;
;      - Mux47~1             ; 1                 ; 0       ;
;      - Mux47~2             ; 1                 ; 0       ;
;      - Mux47~3             ; 1                 ; 0       ;
;      - Mux46~4             ; 1                 ; 0       ;
;      - Mux45~0             ; 1                 ; 0       ;
;      - Mux45~1             ; 1                 ; 0       ;
;      - Mux45~2             ; 1                 ; 0       ;
;      - Mux45~3             ; 1                 ; 0       ;
;      - Mux44~4             ; 1                 ; 0       ;
;      - Mux43~0             ; 1                 ; 0       ;
;      - Mux43~1             ; 1                 ; 0       ;
;      - Mux43~2             ; 1                 ; 0       ;
;      - Mux43~3             ; 1                 ; 0       ;
;      - Mux42~4             ; 1                 ; 0       ;
;      - Mux41~0             ; 1                 ; 0       ;
;      - Mux41~1             ; 1                 ; 0       ;
;      - Mux41~2             ; 1                 ; 0       ;
;      - Mux41~3             ; 1                 ; 0       ;
;      - Mux40~4             ; 1                 ; 0       ;
;      - Mux39~0             ; 1                 ; 0       ;
;      - Mux39~1             ; 1                 ; 0       ;
;      - Mux39~2             ; 1                 ; 0       ;
;      - Mux39~3             ; 1                 ; 0       ;
;      - Mux38~4             ; 1                 ; 0       ;
;      - Mux37~0             ; 1                 ; 0       ;
;      - Mux37~1             ; 1                 ; 0       ;
;      - Mux37~2             ; 1                 ; 0       ;
;      - Mux37~3             ; 1                 ; 0       ;
;      - Mux36~4             ; 1                 ; 0       ;
;      - Mux35~0             ; 1                 ; 0       ;
;      - Mux35~1             ; 1                 ; 0       ;
;      - Mux35~2             ; 1                 ; 0       ;
;      - Mux35~3             ; 1                 ; 0       ;
;      - Mux34~4             ; 1                 ; 0       ;
;      - Mux33~0             ; 1                 ; 0       ;
;      - Mux33~1             ; 1                 ; 0       ;
;      - Mux33~2             ; 1                 ; 0       ;
;      - Mux33~3             ; 1                 ; 0       ;
;      - Mux32~4             ; 1                 ; 0       ;
; a2[2]                      ;                   ;         ;
;      - Mux63~4             ; 0                 ; 0       ;
;      - Mux62~0             ; 0                 ; 0       ;
;      - Mux62~1             ; 0                 ; 0       ;
;      - Mux62~2             ; 0                 ; 0       ;
;      - Mux62~3             ; 0                 ; 0       ;
;      - Mux61~4             ; 0                 ; 0       ;
;      - Mux60~0             ; 0                 ; 0       ;
;      - Mux60~1             ; 0                 ; 0       ;
;      - Mux60~2             ; 0                 ; 0       ;
;      - Mux60~3             ; 0                 ; 0       ;
;      - Mux59~4             ; 0                 ; 0       ;
;      - Mux58~0             ; 0                 ; 0       ;
;      - Mux58~1             ; 0                 ; 0       ;
;      - Mux58~2             ; 0                 ; 0       ;
;      - Mux58~3             ; 0                 ; 0       ;
;      - Mux57~4             ; 0                 ; 0       ;
;      - Mux56~0             ; 0                 ; 0       ;
;      - Mux56~1             ; 0                 ; 0       ;
;      - Mux56~2             ; 0                 ; 0       ;
;      - Mux56~3             ; 0                 ; 0       ;
;      - Mux55~4             ; 0                 ; 0       ;
;      - Mux54~0             ; 0                 ; 0       ;
;      - Mux54~1             ; 0                 ; 0       ;
;      - Mux54~2             ; 0                 ; 0       ;
;      - Mux54~3             ; 0                 ; 0       ;
;      - Mux53~4             ; 0                 ; 0       ;
;      - Mux52~0             ; 0                 ; 0       ;
;      - Mux52~1             ; 0                 ; 0       ;
;      - Mux52~2             ; 0                 ; 0       ;
;      - Mux52~3             ; 0                 ; 0       ;
;      - Mux51~4             ; 0                 ; 0       ;
;      - Mux50~0             ; 0                 ; 0       ;
;      - Mux50~1             ; 0                 ; 0       ;
;      - Mux50~2             ; 0                 ; 0       ;
;      - Mux50~3             ; 0                 ; 0       ;
;      - Mux49~4             ; 0                 ; 0       ;
;      - Mux48~0             ; 0                 ; 0       ;
;      - Mux48~1             ; 0                 ; 0       ;
;      - Mux48~2             ; 0                 ; 0       ;
;      - Mux48~3             ; 0                 ; 0       ;
;      - Mux47~4             ; 0                 ; 0       ;
;      - Mux46~0             ; 0                 ; 0       ;
;      - Mux46~1             ; 0                 ; 0       ;
;      - Mux46~2             ; 0                 ; 0       ;
;      - Mux46~3             ; 0                 ; 0       ;
;      - Mux45~4             ; 0                 ; 0       ;
;      - Mux44~0             ; 0                 ; 0       ;
;      - Mux44~1             ; 0                 ; 0       ;
;      - Mux44~2             ; 0                 ; 0       ;
;      - Mux44~3             ; 0                 ; 0       ;
;      - Mux43~4             ; 0                 ; 0       ;
;      - Mux42~0             ; 0                 ; 0       ;
;      - Mux42~1             ; 0                 ; 0       ;
;      - Mux42~2             ; 0                 ; 0       ;
;      - Mux42~3             ; 0                 ; 0       ;
;      - Mux41~4             ; 0                 ; 0       ;
;      - Mux40~0             ; 0                 ; 0       ;
;      - Mux40~1             ; 0                 ; 0       ;
;      - Mux40~2             ; 0                 ; 0       ;
;      - Mux40~3             ; 0                 ; 0       ;
;      - Mux39~4             ; 0                 ; 0       ;
;      - Mux38~0             ; 0                 ; 0       ;
;      - Mux38~1             ; 0                 ; 0       ;
;      - Mux38~2             ; 0                 ; 0       ;
;      - Mux38~3             ; 0                 ; 0       ;
;      - Mux37~4             ; 0                 ; 0       ;
;      - Mux36~0             ; 0                 ; 0       ;
;      - Mux36~1             ; 0                 ; 0       ;
;      - Mux36~2             ; 0                 ; 0       ;
;      - Mux36~3             ; 0                 ; 0       ;
;      - Mux35~4             ; 0                 ; 0       ;
;      - Mux34~0             ; 0                 ; 0       ;
;      - Mux34~1             ; 0                 ; 0       ;
;      - Mux34~2             ; 0                 ; 0       ;
;      - Mux34~3             ; 0                 ; 0       ;
;      - Mux33~4             ; 0                 ; 0       ;
;      - Mux32~0             ; 0                 ; 0       ;
;      - Mux32~1             ; 0                 ; 0       ;
;      - Mux32~2             ; 0                 ; 0       ;
;      - Mux32~3             ; 0                 ; 0       ;
; a2[3]                      ;                   ;         ;
;      - Mux63~4             ; 0                 ; 0       ;
;      - Mux62~0             ; 0                 ; 0       ;
;      - Mux62~1             ; 0                 ; 0       ;
;      - Mux62~2             ; 0                 ; 0       ;
;      - Mux62~3             ; 0                 ; 0       ;
;      - Mux61~4             ; 0                 ; 0       ;
;      - Mux60~0             ; 0                 ; 0       ;
;      - Mux60~1             ; 0                 ; 0       ;
;      - Mux60~2             ; 0                 ; 0       ;
;      - Mux60~3             ; 0                 ; 0       ;
;      - Mux59~4             ; 0                 ; 0       ;
;      - Mux58~0             ; 0                 ; 0       ;
;      - Mux58~1             ; 0                 ; 0       ;
;      - Mux58~2             ; 0                 ; 0       ;
;      - Mux58~3             ; 0                 ; 0       ;
;      - Mux57~4             ; 0                 ; 0       ;
;      - Mux56~0             ; 0                 ; 0       ;
;      - Mux56~1             ; 0                 ; 0       ;
;      - Mux56~2             ; 0                 ; 0       ;
;      - Mux56~3             ; 0                 ; 0       ;
;      - Mux55~4             ; 0                 ; 0       ;
;      - Mux54~0             ; 0                 ; 0       ;
;      - Mux54~1             ; 0                 ; 0       ;
;      - Mux54~2             ; 0                 ; 0       ;
;      - Mux54~3             ; 0                 ; 0       ;
;      - Mux53~4             ; 0                 ; 0       ;
;      - Mux52~0             ; 0                 ; 0       ;
;      - Mux52~1             ; 0                 ; 0       ;
;      - Mux52~2             ; 0                 ; 0       ;
;      - Mux52~3             ; 0                 ; 0       ;
;      - Mux51~4             ; 0                 ; 0       ;
;      - Mux50~0             ; 0                 ; 0       ;
;      - Mux50~1             ; 0                 ; 0       ;
;      - Mux50~2             ; 0                 ; 0       ;
;      - Mux50~3             ; 0                 ; 0       ;
;      - Mux49~4             ; 0                 ; 0       ;
;      - Mux48~0             ; 0                 ; 0       ;
;      - Mux48~1             ; 0                 ; 0       ;
;      - Mux48~2             ; 0                 ; 0       ;
;      - Mux48~3             ; 0                 ; 0       ;
;      - Mux47~4             ; 0                 ; 0       ;
;      - Mux46~0             ; 0                 ; 0       ;
;      - Mux46~1             ; 0                 ; 0       ;
;      - Mux46~2             ; 0                 ; 0       ;
;      - Mux46~3             ; 0                 ; 0       ;
;      - Mux45~4             ; 0                 ; 0       ;
;      - Mux44~0             ; 0                 ; 0       ;
;      - Mux44~1             ; 0                 ; 0       ;
;      - Mux44~2             ; 0                 ; 0       ;
;      - Mux44~3             ; 0                 ; 0       ;
;      - Mux43~4             ; 0                 ; 0       ;
;      - Mux42~0             ; 0                 ; 0       ;
;      - Mux42~1             ; 0                 ; 0       ;
;      - Mux42~2             ; 0                 ; 0       ;
;      - Mux42~3             ; 0                 ; 0       ;
;      - Mux41~4             ; 0                 ; 0       ;
;      - Mux40~0             ; 0                 ; 0       ;
;      - Mux40~1             ; 0                 ; 0       ;
;      - Mux40~2             ; 0                 ; 0       ;
;      - Mux40~3             ; 0                 ; 0       ;
;      - Mux39~4             ; 0                 ; 0       ;
;      - Mux38~0             ; 0                 ; 0       ;
;      - Mux38~1             ; 0                 ; 0       ;
;      - Mux38~2             ; 0                 ; 0       ;
;      - Mux38~3             ; 0                 ; 0       ;
;      - Mux37~4             ; 0                 ; 0       ;
;      - Mux36~0             ; 0                 ; 0       ;
;      - Mux36~1             ; 0                 ; 0       ;
;      - Mux36~2             ; 0                 ; 0       ;
;      - Mux36~3             ; 0                 ; 0       ;
;      - Mux35~4             ; 0                 ; 0       ;
;      - Mux34~0             ; 0                 ; 0       ;
;      - Mux34~1             ; 0                 ; 0       ;
;      - Mux34~2             ; 0                 ; 0       ;
;      - Mux34~3             ; 0                 ; 0       ;
;      - Mux33~4             ; 0                 ; 0       ;
;      - Mux32~0             ; 0                 ; 0       ;
;      - Mux32~1             ; 0                 ; 0       ;
;      - Mux32~2             ; 0                 ; 0       ;
;      - Mux32~3             ; 0                 ; 0       ;
; wd3[0]                     ;                   ;         ;
;      - regs[0][0]          ; 1                 ; 0       ;
;      - regs[1][0]          ; 1                 ; 0       ;
;      - regs[2][0]          ; 1                 ; 0       ;
;      - regs[3][0]          ; 1                 ; 0       ;
;      - regs[4][0]          ; 1                 ; 0       ;
;      - regs[6][0]          ; 1                 ; 0       ;
;      - regs[7][0]          ; 1                 ; 0       ;
;      - regs[9][0]          ; 1                 ; 0       ;
;      - regs[10][0]         ; 1                 ; 0       ;
;      - regs[11][0]         ; 1                 ; 0       ;
;      - regs[13][0]         ; 1                 ; 0       ;
;      - regs[14][0]         ; 1                 ; 0       ;
;      - regs[15][0]         ; 1                 ; 0       ;
;      - regs[8][0]~feeder   ; 1                 ; 0       ;
;      - regs[12][0]~feeder  ; 1                 ; 0       ;
;      - regs[5][0]~feeder   ; 1                 ; 0       ;
; clk                        ;                   ;         ;
; rst                        ;                   ;         ;
; a3[1]                      ;                   ;         ;
;      - Decoder0~0          ; 0                 ; 0       ;
;      - Decoder0~1          ; 0                 ; 0       ;
;      - Decoder0~2          ; 0                 ; 0       ;
;      - Decoder0~3          ; 0                 ; 0       ;
;      - Decoder0~4          ; 0                 ; 0       ;
;      - Decoder0~5          ; 0                 ; 0       ;
;      - Decoder0~6          ; 0                 ; 0       ;
;      - Decoder0~7          ; 0                 ; 0       ;
;      - Decoder0~8          ; 0                 ; 0       ;
;      - Decoder0~9          ; 0                 ; 0       ;
;      - Decoder0~10         ; 0                 ; 0       ;
;      - Decoder0~11         ; 0                 ; 0       ;
;      - Decoder0~12         ; 0                 ; 0       ;
;      - Decoder0~13         ; 0                 ; 0       ;
;      - Decoder0~14         ; 0                 ; 0       ;
;      - Decoder0~15         ; 0                 ; 0       ;
; a3[2]                      ;                   ;         ;
;      - Decoder0~0          ; 1                 ; 0       ;
;      - Decoder0~1          ; 1                 ; 0       ;
;      - Decoder0~2          ; 1                 ; 0       ;
;      - Decoder0~3          ; 1                 ; 0       ;
;      - Decoder0~4          ; 1                 ; 0       ;
;      - Decoder0~5          ; 1                 ; 0       ;
;      - Decoder0~6          ; 1                 ; 0       ;
;      - Decoder0~7          ; 1                 ; 0       ;
;      - Decoder0~8          ; 1                 ; 0       ;
;      - Decoder0~9          ; 1                 ; 0       ;
;      - Decoder0~10         ; 1                 ; 0       ;
;      - Decoder0~11         ; 1                 ; 0       ;
;      - Decoder0~12         ; 1                 ; 0       ;
;      - Decoder0~13         ; 1                 ; 0       ;
;      - Decoder0~14         ; 1                 ; 0       ;
;      - Decoder0~15         ; 1                 ; 0       ;
; a3[3]                      ;                   ;         ;
;      - Decoder0~0          ; 1                 ; 0       ;
;      - Decoder0~1          ; 1                 ; 0       ;
;      - Decoder0~2          ; 1                 ; 0       ;
;      - Decoder0~3          ; 1                 ; 0       ;
;      - Decoder0~4          ; 1                 ; 0       ;
;      - Decoder0~5          ; 1                 ; 0       ;
;      - Decoder0~6          ; 1                 ; 0       ;
;      - Decoder0~7          ; 1                 ; 0       ;
;      - Decoder0~8          ; 1                 ; 0       ;
;      - Decoder0~9          ; 1                 ; 0       ;
;      - Decoder0~10         ; 1                 ; 0       ;
;      - Decoder0~11         ; 1                 ; 0       ;
;      - Decoder0~12         ; 1                 ; 0       ;
;      - Decoder0~13         ; 1                 ; 0       ;
;      - Decoder0~14         ; 1                 ; 0       ;
;      - Decoder0~15         ; 1                 ; 0       ;
; we3                        ;                   ;         ;
;      - Decoder0~0          ; 1                 ; 0       ;
;      - Decoder0~1          ; 1                 ; 0       ;
;      - Decoder0~2          ; 1                 ; 0       ;
;      - Decoder0~3          ; 1                 ; 0       ;
;      - Decoder0~4          ; 1                 ; 0       ;
;      - Decoder0~5          ; 1                 ; 0       ;
;      - Decoder0~6          ; 1                 ; 0       ;
;      - Decoder0~7          ; 1                 ; 0       ;
;      - Decoder0~8          ; 1                 ; 0       ;
;      - Decoder0~9          ; 1                 ; 0       ;
;      - Decoder0~10         ; 1                 ; 0       ;
;      - Decoder0~11         ; 1                 ; 0       ;
;      - Decoder0~12         ; 1                 ; 0       ;
;      - Decoder0~13         ; 1                 ; 0       ;
;      - Decoder0~14         ; 1                 ; 0       ;
;      - Decoder0~15         ; 1                 ; 0       ;
; a3[0]                      ;                   ;         ;
;      - Decoder0~0          ; 0                 ; 0       ;
;      - Decoder0~1          ; 0                 ; 0       ;
;      - Decoder0~2          ; 0                 ; 0       ;
;      - Decoder0~3          ; 0                 ; 0       ;
;      - Decoder0~4          ; 0                 ; 0       ;
;      - Decoder0~5          ; 0                 ; 0       ;
;      - Decoder0~6          ; 0                 ; 0       ;
;      - Decoder0~7          ; 0                 ; 0       ;
;      - Decoder0~8          ; 0                 ; 0       ;
;      - Decoder0~9          ; 0                 ; 0       ;
;      - Decoder0~10         ; 0                 ; 0       ;
;      - Decoder0~11         ; 0                 ; 0       ;
;      - Decoder0~12         ; 0                 ; 0       ;
;      - Decoder0~13         ; 0                 ; 0       ;
;      - Decoder0~14         ; 0                 ; 0       ;
;      - Decoder0~15         ; 0                 ; 0       ;
; wd3[1]                     ;                   ;         ;
;      - regs[0][1]          ; 1                 ; 0       ;
;      - regs[1][1]          ; 1                 ; 0       ;
;      - regs[2][1]          ; 1                 ; 0       ;
;      - regs[4][1]          ; 1                 ; 0       ;
;      - regs[5][1]          ; 1                 ; 0       ;
;      - regs[6][1]          ; 1                 ; 0       ;
;      - regs[8][1]          ; 1                 ; 0       ;
;      - regs[9][1]          ; 1                 ; 0       ;
;      - regs[10][1]         ; 1                 ; 0       ;
;      - regs[11][1]         ; 1                 ; 0       ;
;      - regs[12][1]         ; 1                 ; 0       ;
;      - regs[13][1]         ; 1                 ; 0       ;
;      - regs[14][1]         ; 1                 ; 0       ;
;      - regs[15][1]         ; 1                 ; 0       ;
;      - regs[7][1]~feeder   ; 1                 ; 0       ;
;      - regs[3][1]~feeder   ; 1                 ; 0       ;
; wd3[2]                     ;                   ;         ;
;      - regs[0][2]          ; 1                 ; 0       ;
;      - regs[1][2]          ; 1                 ; 0       ;
;      - regs[2][2]          ; 1                 ; 0       ;
;      - regs[3][2]          ; 1                 ; 0       ;
;      - regs[4][2]          ; 1                 ; 0       ;
;      - regs[5][2]          ; 1                 ; 0       ;
;      - regs[6][2]          ; 1                 ; 0       ;
;      - regs[7][2]          ; 1                 ; 0       ;
;      - regs[8][2]          ; 1                 ; 0       ;
;      - regs[10][2]         ; 1                 ; 0       ;
;      - regs[11][2]         ; 1                 ; 0       ;
;      - regs[12][2]         ; 1                 ; 0       ;
;      - regs[14][2]         ; 1                 ; 0       ;
;      - regs[15][2]         ; 1                 ; 0       ;
;      - regs[13][2]~feeder  ; 1                 ; 0       ;
;      - regs[9][2]~feeder   ; 1                 ; 0       ;
; wd3[3]                     ;                   ;         ;
;      - regs[0][3]          ; 1                 ; 0       ;
;      - regs[1][3]          ; 1                 ; 0       ;
;      - regs[2][3]          ; 1                 ; 0       ;
;      - regs[4][3]          ; 1                 ; 0       ;
;      - regs[5][3]          ; 1                 ; 0       ;
;      - regs[6][3]          ; 1                 ; 0       ;
;      - regs[7][3]          ; 1                 ; 0       ;
;      - regs[8][3]          ; 1                 ; 0       ;
;      - regs[9][3]          ; 1                 ; 0       ;
;      - regs[10][3]         ; 1                 ; 0       ;
;      - regs[11][3]         ; 1                 ; 0       ;
;      - regs[12][3]         ; 1                 ; 0       ;
;      - regs[13][3]         ; 1                 ; 0       ;
;      - regs[14][3]         ; 1                 ; 0       ;
;      - regs[15][3]         ; 1                 ; 0       ;
;      - regs[3][3]~feeder   ; 1                 ; 0       ;
; wd3[4]                     ;                   ;         ;
;      - regs[1][4]          ; 1                 ; 0       ;
;      - regs[2][4]          ; 1                 ; 0       ;
;      - regs[3][4]          ; 1                 ; 0       ;
;      - regs[4][4]          ; 1                 ; 0       ;
;      - regs[5][4]          ; 1                 ; 0       ;
;      - regs[6][4]          ; 1                 ; 0       ;
;      - regs[7][4]          ; 1                 ; 0       ;
;      - regs[8][4]          ; 1                 ; 0       ;
;      - regs[9][4]          ; 1                 ; 0       ;
;      - regs[10][4]         ; 1                 ; 0       ;
;      - regs[11][4]         ; 1                 ; 0       ;
;      - regs[12][4]         ; 1                 ; 0       ;
;      - regs[13][4]         ; 1                 ; 0       ;
;      - regs[14][4]         ; 1                 ; 0       ;
;      - regs[15][4]         ; 1                 ; 0       ;
;      - regs[0][4]~feeder   ; 1                 ; 0       ;
; wd3[5]                     ;                   ;         ;
;      - regs[2][5]          ; 1                 ; 0       ;
;      - regs[6][5]          ; 1                 ; 0       ;
;      - regs[8][5]          ; 1                 ; 0       ;
;      - regs[9][5]          ; 1                 ; 0       ;
;      - regs[10][5]         ; 1                 ; 0       ;
;      - regs[11][5]         ; 1                 ; 0       ;
;      - regs[12][5]         ; 1                 ; 0       ;
;      - regs[13][5]         ; 1                 ; 0       ;
;      - regs[14][5]         ; 1                 ; 0       ;
;      - regs[15][5]         ; 1                 ; 0       ;
;      - regs[3][5]~feeder   ; 1                 ; 0       ;
;      - regs[0][5]~feeder   ; 1                 ; 0       ;
;      - regs[1][5]~feeder   ; 1                 ; 0       ;
;      - regs[5][5]~feeder   ; 1                 ; 0       ;
;      - regs[4][5]~feeder   ; 1                 ; 0       ;
;      - regs[7][5]~feeder   ; 1                 ; 0       ;
; wd3[6]                     ;                   ;         ;
;      - regs[0][6]          ; 1                 ; 0       ;
;      - regs[2][6]          ; 1                 ; 0       ;
;      - regs[3][6]          ; 1                 ; 0       ;
;      - regs[4][6]          ; 1                 ; 0       ;
;      - regs[6][6]          ; 1                 ; 0       ;
;      - regs[7][6]          ; 1                 ; 0       ;
;      - regs[9][6]          ; 1                 ; 0       ;
;      - regs[10][6]         ; 1                 ; 0       ;
;      - regs[11][6]         ; 1                 ; 0       ;
;      - regs[13][6]         ; 1                 ; 0       ;
;      - regs[14][6]         ; 1                 ; 0       ;
;      - regs[15][6]         ; 1                 ; 0       ;
;      - regs[5][6]~feeder   ; 1                 ; 0       ;
;      - regs[8][6]~feeder   ; 1                 ; 0       ;
;      - regs[12][6]~feeder  ; 1                 ; 0       ;
;      - regs[1][6]~feeder   ; 1                 ; 0       ;
; wd3[7]                     ;                   ;         ;
;      - regs[0][7]          ; 1                 ; 0       ;
;      - regs[1][7]          ; 1                 ; 0       ;
;      - regs[2][7]          ; 1                 ; 0       ;
;      - regs[3][7]          ; 1                 ; 0       ;
;      - regs[4][7]          ; 1                 ; 0       ;
;      - regs[5][7]          ; 1                 ; 0       ;
;      - regs[6][7]          ; 1                 ; 0       ;
;      - regs[7][7]          ; 1                 ; 0       ;
;      - regs[8][7]          ; 1                 ; 0       ;
;      - regs[9][7]          ; 1                 ; 0       ;
;      - regs[10][7]         ; 1                 ; 0       ;
;      - regs[11][7]         ; 1                 ; 0       ;
;      - regs[12][7]         ; 1                 ; 0       ;
;      - regs[13][7]         ; 1                 ; 0       ;
;      - regs[14][7]         ; 1                 ; 0       ;
;      - regs[15][7]         ; 1                 ; 0       ;
; wd3[8]                     ;                   ;         ;
;      - regs[0][8]          ; 1                 ; 0       ;
;      - regs[1][8]          ; 1                 ; 0       ;
;      - regs[2][8]          ; 1                 ; 0       ;
;      - regs[3][8]          ; 1                 ; 0       ;
;      - regs[6][8]          ; 1                 ; 0       ;
;      - regs[7][8]          ; 1                 ; 0       ;
;      - regs[10][8]         ; 1                 ; 0       ;
;      - regs[11][8]         ; 1                 ; 0       ;
;      - regs[13][8]         ; 1                 ; 0       ;
;      - regs[14][8]         ; 1                 ; 0       ;
;      - regs[15][8]         ; 1                 ; 0       ;
;      - regs[9][8]~feeder   ; 1                 ; 0       ;
;      - regs[5][8]~feeder   ; 1                 ; 0       ;
;      - regs[8][8]~feeder   ; 1                 ; 0       ;
;      - regs[12][8]~feeder  ; 1                 ; 0       ;
;      - regs[4][8]~feeder   ; 1                 ; 0       ;
; wd3[9]                     ;                   ;         ;
;      - regs[0][9]          ; 1                 ; 0       ;
;      - regs[1][9]          ; 1                 ; 0       ;
;      - regs[2][9]          ; 1                 ; 0       ;
;      - regs[3][9]          ; 1                 ; 0       ;
;      - regs[4][9]          ; 1                 ; 0       ;
;      - regs[5][9]          ; 1                 ; 0       ;
;      - regs[7][9]          ; 1                 ; 0       ;
;      - regs[8][9]          ; 1                 ; 0       ;
;      - regs[9][9]          ; 1                 ; 0       ;
;      - regs[10][9]         ; 1                 ; 0       ;
;      - regs[11][9]         ; 1                 ; 0       ;
;      - regs[12][9]         ; 1                 ; 0       ;
;      - regs[13][9]         ; 1                 ; 0       ;
;      - regs[14][9]         ; 1                 ; 0       ;
;      - regs[15][9]         ; 1                 ; 0       ;
;      - regs[6][9]~feeder   ; 1                 ; 0       ;
; wd3[10]                    ;                   ;         ;
;      - regs[0][10]         ; 1                 ; 0       ;
;      - regs[2][10]         ; 1                 ; 0       ;
;      - regs[3][10]         ; 1                 ; 0       ;
;      - regs[4][10]         ; 1                 ; 0       ;
;      - regs[6][10]         ; 1                 ; 0       ;
;      - regs[7][10]         ; 1                 ; 0       ;
;      - regs[8][10]         ; 1                 ; 0       ;
;      - regs[10][10]        ; 1                 ; 0       ;
;      - regs[11][10]        ; 1                 ; 0       ;
;      - regs[12][10]        ; 1                 ; 0       ;
;      - regs[14][10]        ; 1                 ; 0       ;
;      - regs[15][10]        ; 1                 ; 0       ;
;      - regs[1][10]~feeder  ; 1                 ; 0       ;
;      - regs[5][10]~feeder  ; 1                 ; 0       ;
;      - regs[13][10]~feeder ; 1                 ; 0       ;
;      - regs[9][10]~feeder  ; 1                 ; 0       ;
; wd3[11]                    ;                   ;         ;
;      - regs[4][11]         ; 1                 ; 0       ;
;      - regs[6][11]         ; 1                 ; 0       ;
;      - regs[7][11]         ; 1                 ; 0       ;
;      - regs[8][11]         ; 1                 ; 0       ;
;      - regs[9][11]         ; 1                 ; 0       ;
;      - regs[10][11]        ; 1                 ; 0       ;
;      - regs[11][11]        ; 1                 ; 0       ;
;      - regs[12][11]        ; 1                 ; 0       ;
;      - regs[13][11]        ; 1                 ; 0       ;
;      - regs[14][11]        ; 1                 ; 0       ;
;      - regs[15][11]        ; 1                 ; 0       ;
;      - regs[0][11]~feeder  ; 1                 ; 0       ;
;      - regs[3][11]~feeder  ; 1                 ; 0       ;
;      - regs[5][11]~feeder  ; 1                 ; 0       ;
;      - regs[1][11]~feeder  ; 1                 ; 0       ;
;      - regs[2][11]~feeder  ; 1                 ; 0       ;
; wd3[12]                    ;                   ;         ;
;      - regs[0][12]         ; 0                 ; 0       ;
;      - regs[1][12]         ; 0                 ; 0       ;
;      - regs[2][12]         ; 0                 ; 0       ;
;      - regs[3][12]         ; 0                 ; 0       ;
;      - regs[4][12]         ; 0                 ; 0       ;
;      - regs[6][12]         ; 0                 ; 0       ;
;      - regs[7][12]         ; 0                 ; 0       ;
;      - regs[9][12]         ; 0                 ; 0       ;
;      - regs[10][12]        ; 0                 ; 0       ;
;      - regs[11][12]        ; 0                 ; 0       ;
;      - regs[14][12]        ; 0                 ; 0       ;
;      - regs[15][12]        ; 0                 ; 0       ;
;      - regs[13][12]~feeder ; 0                 ; 0       ;
;      - regs[8][12]~feeder  ; 0                 ; 0       ;
;      - regs[12][12]~feeder ; 0                 ; 0       ;
;      - regs[5][12]~feeder  ; 0                 ; 0       ;
; wd3[13]                    ;                   ;         ;
;      - regs[0][13]         ; 1                 ; 0       ;
;      - regs[1][13]         ; 1                 ; 0       ;
;      - regs[2][13]         ; 1                 ; 0       ;
;      - regs[6][13]         ; 1                 ; 0       ;
;      - regs[8][13]         ; 1                 ; 0       ;
;      - regs[9][13]         ; 1                 ; 0       ;
;      - regs[10][13]        ; 1                 ; 0       ;
;      - regs[11][13]        ; 1                 ; 0       ;
;      - regs[12][13]        ; 1                 ; 0       ;
;      - regs[13][13]        ; 1                 ; 0       ;
;      - regs[14][13]        ; 1                 ; 0       ;
;      - regs[15][13]        ; 1                 ; 0       ;
;      - regs[3][13]~feeder  ; 1                 ; 0       ;
;      - regs[7][13]~feeder  ; 1                 ; 0       ;
;      - regs[5][13]~feeder  ; 1                 ; 0       ;
;      - regs[4][13]~feeder  ; 1                 ; 0       ;
; wd3[14]                    ;                   ;         ;
;      - regs[2][14]         ; 1                 ; 0       ;
;      - regs[3][14]         ; 1                 ; 0       ;
;      - regs[6][14]         ; 1                 ; 0       ;
;      - regs[7][14]         ; 1                 ; 0       ;
;      - regs[10][14]        ; 1                 ; 0       ;
;      - regs[11][14]        ; 1                 ; 0       ;
;      - regs[13][14]        ; 1                 ; 0       ;
;      - regs[14][14]        ; 1                 ; 0       ;
;      - regs[15][14]        ; 1                 ; 0       ;
;      - regs[9][14]~feeder  ; 1                 ; 0       ;
;      - regs[1][14]~feeder  ; 1                 ; 0       ;
;      - regs[5][14]~feeder  ; 1                 ; 0       ;
;      - regs[4][14]~feeder  ; 1                 ; 0       ;
;      - regs[0][14]~feeder  ; 1                 ; 0       ;
;      - regs[12][14]~feeder ; 1                 ; 0       ;
;      - regs[8][14]~feeder  ; 1                 ; 0       ;
; wd3[15]                    ;                   ;         ;
;      - regs[7][15]         ; 0                 ; 0       ;
;      - regs[8][15]         ; 0                 ; 0       ;
;      - regs[9][15]         ; 0                 ; 0       ;
;      - regs[10][15]        ; 0                 ; 0       ;
;      - regs[11][15]        ; 0                 ; 0       ;
;      - regs[12][15]        ; 0                 ; 0       ;
;      - regs[13][15]        ; 0                 ; 0       ;
;      - regs[14][15]        ; 0                 ; 0       ;
;      - regs[15][15]        ; 0                 ; 0       ;
;      - regs[6][15]~feeder  ; 0                 ; 0       ;
;      - regs[1][15]~feeder  ; 0                 ; 0       ;
;      - regs[5][15]~feeder  ; 0                 ; 0       ;
;      - regs[2][15]~feeder  ; 0                 ; 0       ;
;      - regs[0][15]~feeder  ; 0                 ; 0       ;
;      - regs[4][15]~feeder  ; 0                 ; 0       ;
;      - regs[3][15]~feeder  ; 0                 ; 0       ;
; wd3[16]                    ;                   ;         ;
;      - regs[2][16]         ; 1                 ; 0       ;
;      - regs[3][16]         ; 1                 ; 0       ;
;      - regs[6][16]         ; 1                 ; 0       ;
;      - regs[7][16]         ; 1                 ; 0       ;
;      - regs[8][16]         ; 1                 ; 0       ;
;      - regs[9][16]         ; 1                 ; 0       ;
;      - regs[10][16]        ; 1                 ; 0       ;
;      - regs[11][16]        ; 1                 ; 0       ;
;      - regs[12][16]        ; 1                 ; 0       ;
;      - regs[13][16]        ; 1                 ; 0       ;
;      - regs[14][16]        ; 1                 ; 0       ;
;      - regs[15][16]        ; 1                 ; 0       ;
;      - regs[5][16]~feeder  ; 1                 ; 0       ;
;      - regs[4][16]~feeder  ; 1                 ; 0       ;
;      - regs[1][16]~feeder  ; 1                 ; 0       ;
;      - regs[0][16]~feeder  ; 1                 ; 0       ;
; wd3[17]                    ;                   ;         ;
;      - regs[5][17]         ; 1                 ; 0       ;
;      - regs[6][17]         ; 1                 ; 0       ;
;      - regs[7][17]         ; 1                 ; 0       ;
;      - regs[8][17]         ; 1                 ; 0       ;
;      - regs[9][17]         ; 1                 ; 0       ;
;      - regs[10][17]        ; 1                 ; 0       ;
;      - regs[11][17]        ; 1                 ; 0       ;
;      - regs[12][17]        ; 1                 ; 0       ;
;      - regs[13][17]        ; 1                 ; 0       ;
;      - regs[14][17]        ; 1                 ; 0       ;
;      - regs[15][17]        ; 1                 ; 0       ;
;      - regs[1][17]~feeder  ; 1                 ; 0       ;
;      - regs[3][17]~feeder  ; 1                 ; 0       ;
;      - regs[0][17]~feeder  ; 1                 ; 0       ;
;      - regs[4][17]~feeder  ; 1                 ; 0       ;
;      - regs[2][17]~feeder  ; 1                 ; 0       ;
; wd3[18]                    ;                   ;         ;
;      - regs[1][18]         ; 0                 ; 0       ;
;      - regs[2][18]         ; 0                 ; 0       ;
;      - regs[3][18]         ; 0                 ; 0       ;
;      - regs[4][18]         ; 0                 ; 0       ;
;      - regs[5][18]         ; 0                 ; 0       ;
;      - regs[6][18]         ; 0                 ; 0       ;
;      - regs[7][18]         ; 0                 ; 0       ;
;      - regs[8][18]         ; 0                 ; 0       ;
;      - regs[9][18]         ; 0                 ; 0       ;
;      - regs[10][18]        ; 0                 ; 0       ;
;      - regs[11][18]        ; 0                 ; 0       ;
;      - regs[12][18]        ; 0                 ; 0       ;
;      - regs[14][18]        ; 0                 ; 0       ;
;      - regs[15][18]        ; 0                 ; 0       ;
;      - regs[0][18]~feeder  ; 0                 ; 0       ;
;      - regs[13][18]~feeder ; 0                 ; 0       ;
; wd3[19]                    ;                   ;         ;
;      - regs[1][19]         ; 0                 ; 0       ;
;      - regs[3][19]         ; 0                 ; 0       ;
;      - regs[5][19]         ; 0                 ; 0       ;
;      - regs[6][19]         ; 0                 ; 0       ;
;      - regs[7][19]         ; 0                 ; 0       ;
;      - regs[8][19]         ; 0                 ; 0       ;
;      - regs[9][19]         ; 0                 ; 0       ;
;      - regs[10][19]        ; 0                 ; 0       ;
;      - regs[11][19]        ; 0                 ; 0       ;
;      - regs[12][19]        ; 0                 ; 0       ;
;      - regs[13][19]        ; 0                 ; 0       ;
;      - regs[14][19]        ; 0                 ; 0       ;
;      - regs[15][19]        ; 0                 ; 0       ;
;      - regs[4][19]~feeder  ; 0                 ; 0       ;
;      - regs[0][19]~feeder  ; 0                 ; 0       ;
;      - regs[2][19]~feeder  ; 0                 ; 0       ;
; wd3[20]                    ;                   ;         ;
;      - regs[0][20]         ; 1                 ; 0       ;
;      - regs[2][20]         ; 1                 ; 0       ;
;      - regs[3][20]         ; 1                 ; 0       ;
;      - regs[4][20]         ; 1                 ; 0       ;
;      - regs[6][20]         ; 1                 ; 0       ;
;      - regs[7][20]         ; 1                 ; 0       ;
;      - regs[8][20]         ; 1                 ; 0       ;
;      - regs[9][20]         ; 1                 ; 0       ;
;      - regs[10][20]        ; 1                 ; 0       ;
;      - regs[11][20]        ; 1                 ; 0       ;
;      - regs[12][20]        ; 1                 ; 0       ;
;      - regs[13][20]        ; 1                 ; 0       ;
;      - regs[14][20]        ; 1                 ; 0       ;
;      - regs[15][20]        ; 1                 ; 0       ;
;      - regs[1][20]~feeder  ; 1                 ; 0       ;
;      - regs[5][20]~feeder  ; 1                 ; 0       ;
; wd3[21]                    ;                   ;         ;
;      - regs[2][21]         ; 1                 ; 0       ;
;      - regs[3][21]         ; 1                 ; 0       ;
;      - regs[4][21]         ; 1                 ; 0       ;
;      - regs[5][21]         ; 1                 ; 0       ;
;      - regs[6][21]         ; 1                 ; 0       ;
;      - regs[7][21]         ; 1                 ; 0       ;
;      - regs[8][21]         ; 1                 ; 0       ;
;      - regs[9][21]         ; 1                 ; 0       ;
;      - regs[10][21]        ; 1                 ; 0       ;
;      - regs[11][21]        ; 1                 ; 0       ;
;      - regs[12][21]        ; 1                 ; 0       ;
;      - regs[13][21]        ; 1                 ; 0       ;
;      - regs[14][21]        ; 1                 ; 0       ;
;      - regs[15][21]        ; 1                 ; 0       ;
;      - regs[0][21]~feeder  ; 1                 ; 0       ;
;      - regs[1][21]~feeder  ; 1                 ; 0       ;
; wd3[22]                    ;                   ;         ;
;      - regs[0][22]         ; 0                 ; 0       ;
;      - regs[2][22]         ; 0                 ; 0       ;
;      - regs[3][22]         ; 0                 ; 0       ;
;      - regs[5][22]         ; 0                 ; 0       ;
;      - regs[6][22]         ; 0                 ; 0       ;
;      - regs[7][22]         ; 0                 ; 0       ;
;      - regs[9][22]         ; 0                 ; 0       ;
;      - regs[10][22]        ; 0                 ; 0       ;
;      - regs[11][22]        ; 0                 ; 0       ;
;      - regs[13][22]        ; 0                 ; 0       ;
;      - regs[14][22]        ; 0                 ; 0       ;
;      - regs[15][22]        ; 0                 ; 0       ;
;      - regs[12][22]~feeder ; 0                 ; 0       ;
;      - regs[8][22]~feeder  ; 0                 ; 0       ;
;      - regs[4][22]~feeder  ; 0                 ; 0       ;
;      - regs[1][22]~feeder  ; 0                 ; 0       ;
; wd3[23]                    ;                   ;         ;
;      - regs[3][23]         ; 1                 ; 0       ;
;      - regs[7][23]         ; 1                 ; 0       ;
;      - regs[8][23]         ; 1                 ; 0       ;
;      - regs[9][23]         ; 1                 ; 0       ;
;      - regs[10][23]        ; 1                 ; 0       ;
;      - regs[11][23]        ; 1                 ; 0       ;
;      - regs[12][23]        ; 1                 ; 0       ;
;      - regs[13][23]        ; 1                 ; 0       ;
;      - regs[14][23]        ; 1                 ; 0       ;
;      - regs[15][23]        ; 1                 ; 0       ;
;      - regs[5][23]~feeder  ; 1                 ; 0       ;
;      - regs[1][23]~feeder  ; 1                 ; 0       ;
;      - regs[4][23]~feeder  ; 1                 ; 0       ;
;      - regs[0][23]~feeder  ; 1                 ; 0       ;
;      - regs[6][23]~feeder  ; 1                 ; 0       ;
;      - regs[2][23]~feeder  ; 1                 ; 0       ;
; wd3[24]                    ;                   ;         ;
;      - regs[2][24]         ; 1                 ; 0       ;
;      - regs[3][24]         ; 1                 ; 0       ;
;      - regs[4][24]         ; 1                 ; 0       ;
;      - regs[6][24]         ; 1                 ; 0       ;
;      - regs[7][24]         ; 1                 ; 0       ;
;      - regs[8][24]         ; 1                 ; 0       ;
;      - regs[9][24]         ; 1                 ; 0       ;
;      - regs[10][24]        ; 1                 ; 0       ;
;      - regs[11][24]        ; 1                 ; 0       ;
;      - regs[12][24]        ; 1                 ; 0       ;
;      - regs[14][24]        ; 1                 ; 0       ;
;      - regs[15][24]        ; 1                 ; 0       ;
;      - regs[0][24]~feeder  ; 1                 ; 0       ;
;      - regs[5][24]~feeder  ; 1                 ; 0       ;
;      - regs[1][24]~feeder  ; 1                 ; 0       ;
;      - regs[13][24]~feeder ; 1                 ; 0       ;
; wd3[25]                    ;                   ;         ;
;      - regs[1][25]         ; 0                 ; 0       ;
;      - regs[4][25]         ; 0                 ; 0       ;
;      - regs[8][25]         ; 0                 ; 0       ;
;      - regs[9][25]         ; 0                 ; 0       ;
;      - regs[10][25]        ; 0                 ; 0       ;
;      - regs[11][25]        ; 0                 ; 0       ;
;      - regs[12][25]        ; 0                 ; 0       ;
;      - regs[13][25]        ; 0                 ; 0       ;
;      - regs[14][25]        ; 0                 ; 0       ;
;      - regs[15][25]        ; 0                 ; 0       ;
;      - regs[6][25]~feeder  ; 0                 ; 0       ;
;      - regs[2][25]~feeder  ; 0                 ; 0       ;
;      - regs[3][25]~feeder  ; 0                 ; 0       ;
;      - regs[7][25]~feeder  ; 0                 ; 0       ;
;      - regs[0][25]~feeder  ; 0                 ; 0       ;
;      - regs[5][25]~feeder  ; 0                 ; 0       ;
; wd3[26]                    ;                   ;         ;
;      - regs[2][26]         ; 1                 ; 0       ;
;      - regs[3][26]         ; 1                 ; 0       ;
;      - regs[4][26]         ; 1                 ; 0       ;
;      - regs[6][26]         ; 1                 ; 0       ;
;      - regs[7][26]         ; 1                 ; 0       ;
;      - regs[10][26]        ; 1                 ; 0       ;
;      - regs[11][26]        ; 1                 ; 0       ;
;      - regs[12][26]        ; 1                 ; 0       ;
;      - regs[13][26]        ; 1                 ; 0       ;
;      - regs[14][26]        ; 1                 ; 0       ;
;      - regs[15][26]        ; 1                 ; 0       ;
;      - regs[8][26]~feeder  ; 1                 ; 0       ;
;      - regs[9][26]~feeder  ; 1                 ; 0       ;
;      - regs[5][26]~feeder  ; 1                 ; 0       ;
;      - regs[1][26]~feeder  ; 1                 ; 0       ;
;      - regs[0][26]~feeder  ; 1                 ; 0       ;
; wd3[27]                    ;                   ;         ;
;      - regs[0][27]         ; 1                 ; 0       ;
;      - regs[2][27]         ; 1                 ; 0       ;
;      - regs[3][27]         ; 1                 ; 0       ;
;      - regs[6][27]         ; 1                 ; 0       ;
;      - regs[7][27]         ; 1                 ; 0       ;
;      - regs[8][27]         ; 1                 ; 0       ;
;      - regs[9][27]         ; 1                 ; 0       ;
;      - regs[10][27]        ; 1                 ; 0       ;
;      - regs[11][27]        ; 1                 ; 0       ;
;      - regs[12][27]        ; 1                 ; 0       ;
;      - regs[13][27]        ; 1                 ; 0       ;
;      - regs[14][27]        ; 1                 ; 0       ;
;      - regs[15][27]        ; 1                 ; 0       ;
;      - regs[4][27]~feeder  ; 1                 ; 0       ;
;      - regs[5][27]~feeder  ; 1                 ; 0       ;
;      - regs[1][27]~feeder  ; 1                 ; 0       ;
; wd3[28]                    ;                   ;         ;
;      - regs[2][28]         ; 1                 ; 0       ;
;      - regs[3][28]         ; 1                 ; 0       ;
;      - regs[6][28]         ; 1                 ; 0       ;
;      - regs[7][28]         ; 1                 ; 0       ;
;      - regs[8][28]         ; 1                 ; 0       ;
;      - regs[9][28]         ; 1                 ; 0       ;
;      - regs[10][28]        ; 1                 ; 0       ;
;      - regs[11][28]        ; 1                 ; 0       ;
;      - regs[12][28]        ; 1                 ; 0       ;
;      - regs[13][28]        ; 1                 ; 0       ;
;      - regs[14][28]        ; 1                 ; 0       ;
;      - regs[15][28]        ; 1                 ; 0       ;
;      - regs[4][28]~feeder  ; 1                 ; 0       ;
;      - regs[1][28]~feeder  ; 1                 ; 0       ;
;      - regs[0][28]~feeder  ; 1                 ; 0       ;
;      - regs[5][28]~feeder  ; 1                 ; 0       ;
; wd3[29]                    ;                   ;         ;
;      - regs[2][29]         ; 0                 ; 0       ;
;      - regs[4][29]         ; 0                 ; 0       ;
;      - regs[6][29]         ; 0                 ; 0       ;
;      - regs[8][29]         ; 0                 ; 0       ;
;      - regs[9][29]         ; 0                 ; 0       ;
;      - regs[10][29]        ; 0                 ; 0       ;
;      - regs[11][29]        ; 0                 ; 0       ;
;      - regs[12][29]        ; 0                 ; 0       ;
;      - regs[13][29]        ; 0                 ; 0       ;
;      - regs[14][29]        ; 0                 ; 0       ;
;      - regs[15][29]        ; 0                 ; 0       ;
;      - regs[0][29]~feeder  ; 0                 ; 0       ;
;      - regs[1][29]~feeder  ; 0                 ; 0       ;
;      - regs[7][29]~feeder  ; 0                 ; 0       ;
;      - regs[5][29]~feeder  ; 0                 ; 0       ;
;      - regs[3][29]~feeder  ; 0                 ; 0       ;
; wd3[30]                    ;                   ;         ;
;      - regs[1][30]         ; 1                 ; 0       ;
;      - regs[2][30]         ; 1                 ; 0       ;
;      - regs[3][30]         ; 1                 ; 0       ;
;      - regs[6][30]         ; 1                 ; 0       ;
;      - regs[7][30]         ; 1                 ; 0       ;
;      - regs[8][30]         ; 1                 ; 0       ;
;      - regs[9][30]         ; 1                 ; 0       ;
;      - regs[10][30]        ; 1                 ; 0       ;
;      - regs[11][30]        ; 1                 ; 0       ;
;      - regs[14][30]        ; 1                 ; 0       ;
;      - regs[15][30]        ; 1                 ; 0       ;
;      - regs[12][30]~feeder ; 1                 ; 0       ;
;      - regs[13][30]~feeder ; 1                 ; 0       ;
;      - regs[4][30]~feeder  ; 1                 ; 0       ;
;      - regs[0][30]~feeder  ; 1                 ; 0       ;
;      - regs[5][30]~feeder  ; 1                 ; 0       ;
; wd3[31]                    ;                   ;         ;
;      - regs[4][31]         ; 0                 ; 0       ;
;      - regs[6][31]         ; 0                 ; 0       ;
;      - regs[7][31]         ; 0                 ; 0       ;
;      - regs[8][31]         ; 0                 ; 0       ;
;      - regs[9][31]         ; 0                 ; 0       ;
;      - regs[10][31]        ; 0                 ; 0       ;
;      - regs[11][31]        ; 0                 ; 0       ;
;      - regs[12][31]        ; 0                 ; 0       ;
;      - regs[13][31]        ; 0                 ; 0       ;
;      - regs[14][31]        ; 0                 ; 0       ;
;      - regs[15][31]        ; 0                 ; 0       ;
;      - regs[1][31]~feeder  ; 0                 ; 0       ;
;      - regs[0][31]~feeder  ; 0                 ; 0       ;
;      - regs[5][31]~feeder  ; 0                 ; 0       ;
;      - regs[2][31]~feeder  ; 0                 ; 0       ;
;      - regs[3][31]~feeder  ; 0                 ; 0       ;
+----------------------------+-------------------+---------+


+-------------------------------------------------------------------------------------------------------------------------------------------+
; Control Signals                                                                                                                           ;
+-------------+---------------------+---------+--------------+--------+----------------------+------------------+---------------------------+
; Name        ; Location            ; Fan-Out ; Usage        ; Global ; Global Resource Used ; Global Line Name ; Enable Signal Source Name ;
+-------------+---------------------+---------+--------------+--------+----------------------+------------------+---------------------------+
; Decoder0~0  ; MLABCELL_X34_Y3_N15 ; 32      ; Clock enable ; no     ; --                   ; --               ; --                        ;
; Decoder0~1  ; MLABCELL_X34_Y3_N18 ; 32      ; Clock enable ; no     ; --                   ; --               ; --                        ;
; Decoder0~10 ; MLABCELL_X34_Y3_N45 ; 32      ; Clock enable ; no     ; --                   ; --               ; --                        ;
; Decoder0~11 ; MLABCELL_X34_Y3_N48 ; 32      ; Clock enable ; no     ; --                   ; --               ; --                        ;
; Decoder0~12 ; MLABCELL_X34_Y3_N51 ; 32      ; Clock enable ; no     ; --                   ; --               ; --                        ;
; Decoder0~13 ; MLABCELL_X34_Y3_N24 ; 32      ; Clock enable ; no     ; --                   ; --               ; --                        ;
; Decoder0~14 ; MLABCELL_X34_Y3_N27 ; 32      ; Clock enable ; no     ; --                   ; --               ; --                        ;
; Decoder0~15 ; MLABCELL_X34_Y3_N12 ; 32      ; Clock enable ; no     ; --                   ; --               ; --                        ;
; Decoder0~2  ; MLABCELL_X34_Y3_N21 ; 32      ; Clock enable ; no     ; --                   ; --               ; --                        ;
; Decoder0~3  ; MLABCELL_X34_Y3_N54 ; 32      ; Clock enable ; no     ; --                   ; --               ; --                        ;
; Decoder0~4  ; MLABCELL_X34_Y3_N57 ; 32      ; Clock enable ; no     ; --                   ; --               ; --                        ;
; Decoder0~5  ; MLABCELL_X34_Y3_N0  ; 32      ; Clock enable ; no     ; --                   ; --               ; --                        ;
; Decoder0~6  ; MLABCELL_X34_Y3_N3  ; 32      ; Clock enable ; no     ; --                   ; --               ; --                        ;
; Decoder0~7  ; MLABCELL_X34_Y3_N36 ; 32      ; Clock enable ; no     ; --                   ; --               ; --                        ;
; Decoder0~8  ; MLABCELL_X34_Y3_N39 ; 32      ; Clock enable ; no     ; --                   ; --               ; --                        ;
; Decoder0~9  ; MLABCELL_X34_Y3_N42 ; 32      ; Clock enable ; no     ; --                   ; --               ; --                        ;
; clk         ; PIN_M16             ; 512     ; Clock        ; yes    ; Global Clock         ; GCLK10           ; --                        ;
; rst         ; PIN_N16             ; 512     ; Async. clear ; yes    ; Global Clock         ; GCLK8            ; --                        ;
+-------------+---------------------+---------+--------------+--------+----------------------+------------------+---------------------------+


+-------------------------------------------------------------------------------------------------+
; Global & Other Fast Signals                                                                     ;
+------+----------+---------+----------------------+------------------+---------------------------+
; Name ; Location ; Fan-Out ; Global Resource Used ; Global Line Name ; Enable Signal Source Name ;
+------+----------+---------+----------------------+------------------+---------------------------+
; clk  ; PIN_M16  ; 512     ; Global Clock         ; GCLK10           ; --                        ;
; rst  ; PIN_N16  ; 512     ; Global Clock         ; GCLK8            ; --                        ;
+------+----------+---------+----------------------+------------------+---------------------------+


+----------------------------------------------------------+
; Routing Usage Summary                                    ;
+------------------------------+---------------------------+
; Routing Resource Type        ; Usage                     ;
+------------------------------+---------------------------+
; Block interconnects          ; 1,364 / 374,484 ( < 1 % ) ;
; C12 interconnects            ; 39 / 16,664 ( < 1 % )     ;
; C2 interconnects             ; 333 / 155,012 ( < 1 % )   ;
; C4 interconnects             ; 304 / 72,600 ( < 1 % )    ;
; DQS bus muxes                ; 0 / 30 ( 0 % )            ;
; DQS-18 I/O buses             ; 0 / 30 ( 0 % )            ;
; DQS-9 I/O buses              ; 0 / 30 ( 0 % )            ;
; Direct links                 ; 87 / 374,484 ( < 1 % )    ;
; Global clocks                ; 2 / 16 ( 13 % )           ;
; Horizontal periphery clocks  ; 0 / 72 ( 0 % )            ;
; Local interconnects          ; 250 / 112,960 ( < 1 % )   ;
; Quadrant clocks              ; 0 / 88 ( 0 % )            ;
; R14 interconnects            ; 99 / 15,868 ( < 1 % )     ;
; R14/C12 interconnect drivers ; 111 / 27,256 ( < 1 % )    ;
; R3 interconnects             ; 528 / 169,296 ( < 1 % )   ;
; R6 interconnects             ; 838 / 330,800 ( < 1 % )   ;
; Spine clocks                 ; 4 / 480 ( < 1 % )         ;
; Wire stub REs                ; 0 / 20,834 ( 0 % )        ;
+------------------------------+---------------------------+


+------------------------------------------+
; I/O Rules Summary                        ;
+----------------------------------+-------+
; I/O Rules Statistic              ; Total ;
+----------------------------------+-------+
; Total I/O Rules                  ; 28    ;
; Number of I/O Rules Passed       ; 6     ;
; Number of I/O Rules Failed       ; 0     ;
; Number of I/O Rules Unchecked    ; 0     ;
; Number of I/O Rules Inapplicable ; 22    ;
+----------------------------------+-------+


+-----------------------------------------------------------------------------------------------------------------------------------------------------------------------------------------------------------------------------------------------------------------------------------+
; I/O Rules Details                                                                                                                                                                                                                                                                 ;
+--------------+-----------+-----------------------------------+------------------------------------------------------------------------------------+----------+--------------------------------------------------------------------------+---------------------+-------------------+
; Status       ; ID        ; Category                          ; Rule Description                                                                   ; Severity ; Information                                                              ; Area                ; Extra Information ;
+--------------+-----------+-----------------------------------+------------------------------------------------------------------------------------+----------+--------------------------------------------------------------------------+---------------------+-------------------+
; Inapplicable ; IO_000001 ; Capacity Checks                   ; Number of pins in an I/O bank should not exceed the number of locations available. ; Critical ; No Location assignments found.                                           ; I/O                 ;                   ;
; Inapplicable ; IO_000002 ; Capacity Checks                   ; Number of clocks in an I/O bank should not exceed the number of clocks available.  ; Critical ; No Global Signal assignments found.                                      ; I/O                 ;                   ;
; Inapplicable ; IO_000003 ; Capacity Checks                   ; Number of pins in a Vrefgroup should not exceed the number of locations available. ; Critical ; No Location assignments found.                                           ; I/O                 ;                   ;
; Inapplicable ; IO_000004 ; Voltage Compatibility Checks      ; The I/O bank should support the requested VCCIO.                                   ; Critical ; No IOBANK_VCCIO assignments found.                                       ; I/O                 ;                   ;
; Inapplicable ; IO_000005 ; Voltage Compatibility Checks      ; The I/O bank should not have competing VREF values.                                ; Critical ; No VREF I/O Standard assignments found.                                  ; I/O                 ;                   ;
; Pass         ; IO_000006 ; Voltage Compatibility Checks      ; The I/O bank should not have competing VCCIO values.                               ; Critical ; 0 such failures found.                                                   ; I/O                 ;                   ;
; Inapplicable ; IO_000007 ; Valid Location Checks             ; Checks for unavailable locations.                                                  ; Critical ; No Location assignments found.                                           ; I/O                 ;                   ;
; Inapplicable ; IO_000008 ; Valid Location Checks             ; Checks for reserved locations.                                                     ; Critical ; No reserved LogicLock region found.                                      ; I/O                 ;                   ;
; Pass         ; IO_000009 ; I/O Properties Checks for One I/O ; The location should support the requested I/O standard.                            ; Critical ; 0 such failures found.                                                   ; I/O                 ;                   ;
; Pass         ; IO_000010 ; I/O Properties Checks for One I/O ; The location should support the requested I/O direction.                           ; Critical ; 0 such failures found.                                                   ; I/O                 ;                   ;
; Inapplicable ; IO_000011 ; I/O Properties Checks for One I/O ; The location should support the requested Current Strength.                        ; Critical ; No Current Strength assignments found.                                   ; I/O                 ;                   ;
; Pass         ; IO_000012 ; I/O Properties Checks for One I/O ; The location should support the requested On Chip Termination value.               ; Critical ; 0 such failures found.                                                   ; I/O                 ;                   ;
; Inapplicable ; IO_000013 ; I/O Properties Checks for One I/O ; The location should support the requested Bus Hold value.                          ; Critical ; No Enable Bus-Hold Circuitry assignments found.                          ; I/O                 ;                   ;
; Inapplicable ; IO_000014 ; I/O Properties Checks for One I/O ; The location should support the requested Weak Pull Up value.                      ; Critical ; No Weak Pull-Up Resistor assignments found.                              ; I/O                 ;                   ;
; Inapplicable ; IO_000015 ; I/O Properties Checks for One I/O ; The location should support the requested PCI Clamp Diode.                         ; Critical ; No Clamping Diode assignments found.                                     ; I/O                 ;                   ;
; Inapplicable ; IO_000018 ; I/O Properties Checks for One I/O ; The I/O standard should support the requested Current Strength.                    ; Critical ; No Current Strength assignments found.                                   ; I/O                 ;                   ;
; Pass         ; IO_000019 ; I/O Properties Checks for One I/O ; The I/O standard should support the requested On Chip Termination value.           ; Critical ; 0 such failures found.                                                   ; I/O                 ;                   ;
; Inapplicable ; IO_000020 ; I/O Properties Checks for One I/O ; The I/O standard should support the requested PCI Clamp Diode.                     ; Critical ; No Clamping Diode assignments found.                                     ; I/O                 ;                   ;
; Inapplicable ; IO_000021 ; I/O Properties Checks for One I/O ; The I/O standard should support the requested Weak Pull Up value.                  ; Critical ; No Weak Pull-Up Resistor assignments found.                              ; I/O                 ;                   ;
; Inapplicable ; IO_000022 ; I/O Properties Checks for One I/O ; The I/O standard should support the requested Bus Hold value.                      ; Critical ; No Enable Bus-Hold Circuitry assignments found.                          ; I/O                 ;                   ;
; Inapplicable ; IO_000023 ; I/O Properties Checks for One I/O ; The I/O standard should support the Open Drain value.                              ; Critical ; No open drain assignments found.                                         ; I/O                 ;                   ;
; Pass         ; IO_000024 ; I/O Properties Checks for One I/O ; The I/O direction should support the On Chip Termination value.                    ; Critical ; 0 such failures found.                                                   ; I/O                 ;                   ;
; Inapplicable ; IO_000026 ; I/O Properties Checks for One I/O ; On Chip Termination and Current Strength should not be used at the same time.      ; Critical ; No Current Strength assignments found.                                   ; I/O                 ;                   ;
; Inapplicable ; IO_000027 ; I/O Properties Checks for One I/O ; Weak Pull Up and Bus Hold should not be used at the same time.                     ; Critical ; No Enable Bus-Hold Circuitry or Weak Pull-Up Resistor assignments found. ; I/O                 ;                   ;
; Inapplicable ; IO_000045 ; I/O Properties Checks for One I/O ; The I/O standard should support the requested Slew Rate value.                     ; Critical ; No Slew Rate assignments found.                                          ; I/O                 ;                   ;
; Inapplicable ; IO_000046 ; I/O Properties Checks for One I/O ; The location should support the requested Slew Rate value.                         ; Critical ; No Slew Rate assignments found.                                          ; I/O                 ;                   ;
; Inapplicable ; IO_000047 ; I/O Properties Checks for One I/O ; On Chip Termination and Slew Rate should not be used at the same time.             ; Critical ; No Slew Rate assignments found.                                          ; I/O                 ;                   ;
; Inapplicable ; IO_000034 ; SI Related Distance Checks        ; Single-ended outputs should be 0 LAB row(s) away from a differential I/O.          ; High     ; No Differential I/O Standard assignments found.                          ; I/O                 ;                   ;
; ----         ; ----      ; Disclaimer                        ; OCT rules are checked but not reported.                                            ; None     ; ----                                                                     ; On Chip Termination ;                   ;
+--------------+-----------+-----------------------------------+------------------------------------------------------------------------------------+----------+--------------------------------------------------------------------------+---------------------+-------------------+


+-----------------------------------------------------------------------------------------------------------------------------------------------------------------------------------------------------------------------------------------------------------------------------------------------------------------------------------------------------------------------------------------------------------------------------------------------+
; I/O Rules Matrix                                                                                                                                                                                                                                                                                                                                                                                                                              ;
+--------------------+--------------+--------------+--------------+--------------+--------------+-----------+--------------+--------------+-----------+-----------+--------------+--------------+--------------+--------------+--------------+--------------+--------------+--------------+--------------+--------------+--------------+--------------+--------------+--------------+--------------+--------------+--------------+--------------+
; Pin/Rules          ; IO_000001    ; IO_000002    ; IO_000003    ; IO_000004    ; IO_000005    ; IO_000006 ; IO_000007    ; IO_000008    ; IO_000009 ; IO_000010 ; IO_000011    ; IO_000012    ; IO_000013    ; IO_000014    ; IO_000015    ; IO_000018    ; IO_000019    ; IO_000020    ; IO_000021    ; IO_000022    ; IO_000023    ; IO_000024    ; IO_000026    ; IO_000027    ; IO_000045    ; IO_000046    ; IO_000047    ; IO_000034    ;
+--------------------+--------------+--------------+--------------+--------------+--------------+-----------+--------------+--------------+-----------+-----------+--------------+--------------+--------------+--------------+--------------+--------------+--------------+--------------+--------------+--------------+--------------+--------------+--------------+--------------+--------------+--------------+--------------+--------------+
; Total Pass         ; 0            ; 0            ; 0            ; 0            ; 0            ; 143       ; 0            ; 0            ; 143       ; 143       ; 0            ; 64           ; 0            ; 0            ; 0            ; 0            ; 64           ; 0            ; 0            ; 0            ; 0            ; 64           ; 0            ; 0            ; 0            ; 0            ; 0            ; 0            ;
; Total Unchecked    ; 0            ; 0            ; 0            ; 0            ; 0            ; 0         ; 0            ; 0            ; 0         ; 0         ; 0            ; 0            ; 0            ; 0            ; 0            ; 0            ; 0            ; 0            ; 0            ; 0            ; 0            ; 0            ; 0            ; 0            ; 0            ; 0            ; 0            ; 0            ;
; Total Inapplicable ; 143          ; 143          ; 143          ; 143          ; 143          ; 0         ; 143          ; 143          ; 0         ; 0         ; 143          ; 79           ; 143          ; 143          ; 143          ; 143          ; 79           ; 143          ; 143          ; 143          ; 143          ; 79           ; 143          ; 143          ; 143          ; 143          ; 143          ; 143          ;
; Total Fail         ; 0            ; 0            ; 0            ; 0            ; 0            ; 0         ; 0            ; 0            ; 0         ; 0         ; 0            ; 0            ; 0            ; 0            ; 0            ; 0            ; 0            ; 0            ; 0            ; 0            ; 0            ; 0            ; 0            ; 0            ; 0            ; 0            ; 0            ; 0            ;
; r15[0]             ; Inapplicable ; Inapplicable ; Inapplicable ; Inapplicable ; Inapplicable ; Pass      ; Inapplicable ; Inapplicable ; Pass      ; Pass      ; Inapplicable ; Inapplicable ; Inapplicable ; Inapplicable ; Inapplicable ; Inapplicable ; Inapplicable ; Inapplicable ; Inapplicable ; Inapplicable ; Inapplicable ; Inapplicable ; Inapplicable ; Inapplicable ; Inapplicable ; Inapplicable ; Inapplicable ; Inapplicable ;
; r15[1]             ; Inapplicable ; Inapplicable ; Inapplicable ; Inapplicable ; Inapplicable ; Pass      ; Inapplicable ; Inapplicable ; Pass      ; Pass      ; Inapplicable ; Inapplicable ; Inapplicable ; Inapplicable ; Inapplicable ; Inapplicable ; Inapplicable ; Inapplicable ; Inapplicable ; Inapplicable ; Inapplicable ; Inapplicable ; Inapplicable ; Inapplicable ; Inapplicable ; Inapplicable ; Inapplicable ; Inapplicable ;
; r15[2]             ; Inapplicable ; Inapplicable ; Inapplicable ; Inapplicable ; Inapplicable ; Pass      ; Inapplicable ; Inapplicable ; Pass      ; Pass      ; Inapplicable ; Inapplicable ; Inapplicable ; Inapplicable ; Inapplicable ; Inapplicable ; Inapplicable ; Inapplicable ; Inapplicable ; Inapplicable ; Inapplicable ; Inapplicable ; Inapplicable ; Inapplicable ; Inapplicable ; Inapplicable ; Inapplicable ; Inapplicable ;
; r15[3]             ; Inapplicable ; Inapplicable ; Inapplicable ; Inapplicable ; Inapplicable ; Pass      ; Inapplicable ; Inapplicable ; Pass      ; Pass      ; Inapplicable ; Inapplicable ; Inapplicable ; Inapplicable ; Inapplicable ; Inapplicable ; Inapplicable ; Inapplicable ; Inapplicable ; Inapplicable ; Inapplicable ; Inapplicable ; Inapplicable ; Inapplicable ; Inapplicable ; Inapplicable ; Inapplicable ; Inapplicable ;
; r15[4]             ; Inapplicable ; Inapplicable ; Inapplicable ; Inapplicable ; Inapplicable ; Pass      ; Inapplicable ; Inapplicable ; Pass      ; Pass      ; Inapplicable ; Inapplicable ; Inapplicable ; Inapplicable ; Inapplicable ; Inapplicable ; Inapplicable ; Inapplicable ; Inapplicable ; Inapplicable ; Inapplicable ; Inapplicable ; Inapplicable ; Inapplicable ; Inapplicable ; Inapplicable ; Inapplicable ; Inapplicable ;
; r15[5]             ; Inapplicable ; Inapplicable ; Inapplicable ; Inapplicable ; Inapplicable ; Pass      ; Inapplicable ; Inapplicable ; Pass      ; Pass      ; Inapplicable ; Inapplicable ; Inapplicable ; Inapplicable ; Inapplicable ; Inapplicable ; Inapplicable ; Inapplicable ; Inapplicable ; Inapplicable ; Inapplicable ; Inapplicable ; Inapplicable ; Inapplicable ; Inapplicable ; Inapplicable ; Inapplicable ; Inapplicable ;
; r15[6]             ; Inapplicable ; Inapplicable ; Inapplicable ; Inapplicable ; Inapplicable ; Pass      ; Inapplicable ; Inapplicable ; Pass      ; Pass      ; Inapplicable ; Inapplicable ; Inapplicable ; Inapplicable ; Inapplicable ; Inapplicable ; Inapplicable ; Inapplicable ; Inapplicable ; Inapplicable ; Inapplicable ; Inapplicable ; Inapplicable ; Inapplicable ; Inapplicable ; Inapplicable ; Inapplicable ; Inapplicable ;
; r15[7]             ; Inapplicable ; Inapplicable ; Inapplicable ; Inapplicable ; Inapplicable ; Pass      ; Inapplicable ; Inapplicable ; Pass      ; Pass      ; Inapplicable ; Inapplicable ; Inapplicable ; Inapplicable ; Inapplicable ; Inapplicable ; Inapplicable ; Inapplicable ; Inapplicable ; Inapplicable ; Inapplicable ; Inapplicable ; Inapplicable ; Inapplicable ; Inapplicable ; Inapplicable ; Inapplicable ; Inapplicable ;
; r15[8]             ; Inapplicable ; Inapplicable ; Inapplicable ; Inapplicable ; Inapplicable ; Pass      ; Inapplicable ; Inapplicable ; Pass      ; Pass      ; Inapplicable ; Inapplicable ; Inapplicable ; Inapplicable ; Inapplicable ; Inapplicable ; Inapplicable ; Inapplicable ; Inapplicable ; Inapplicable ; Inapplicable ; Inapplicable ; Inapplicable ; Inapplicable ; Inapplicable ; Inapplicable ; Inapplicable ; Inapplicable ;
; r15[9]             ; Inapplicable ; Inapplicable ; Inapplicable ; Inapplicable ; Inapplicable ; Pass      ; Inapplicable ; Inapplicable ; Pass      ; Pass      ; Inapplicable ; Inapplicable ; Inapplicable ; Inapplicable ; Inapplicable ; Inapplicable ; Inapplicable ; Inapplicable ; Inapplicable ; Inapplicable ; Inapplicable ; Inapplicable ; Inapplicable ; Inapplicable ; Inapplicable ; Inapplicable ; Inapplicable ; Inapplicable ;
; r15[10]            ; Inapplicable ; Inapplicable ; Inapplicable ; Inapplicable ; Inapplicable ; Pass      ; Inapplicable ; Inapplicable ; Pass      ; Pass      ; Inapplicable ; Inapplicable ; Inapplicable ; Inapplicable ; Inapplicable ; Inapplicable ; Inapplicable ; Inapplicable ; Inapplicable ; Inapplicable ; Inapplicable ; Inapplicable ; Inapplicable ; Inapplicable ; Inapplicable ; Inapplicable ; Inapplicable ; Inapplicable ;
; r15[11]            ; Inapplicable ; Inapplicable ; Inapplicable ; Inapplicable ; Inapplicable ; Pass      ; Inapplicable ; Inapplicable ; Pass      ; Pass      ; Inapplicable ; Inapplicable ; Inapplicable ; Inapplicable ; Inapplicable ; Inapplicable ; Inapplicable ; Inapplicable ; Inapplicable ; Inapplicable ; Inapplicable ; Inapplicable ; Inapplicable ; Inapplicable ; Inapplicable ; Inapplicable ; Inapplicable ; Inapplicable ;
; r15[12]            ; Inapplicable ; Inapplicable ; Inapplicable ; Inapplicable ; Inapplicable ; Pass      ; Inapplicable ; Inapplicable ; Pass      ; Pass      ; Inapplicable ; Inapplicable ; Inapplicable ; Inapplicable ; Inapplicable ; Inapplicable ; Inapplicable ; Inapplicable ; Inapplicable ; Inapplicable ; Inapplicable ; Inapplicable ; Inapplicable ; Inapplicable ; Inapplicable ; Inapplicable ; Inapplicable ; Inapplicable ;
; r15[13]            ; Inapplicable ; Inapplicable ; Inapplicable ; Inapplicable ; Inapplicable ; Pass      ; Inapplicable ; Inapplicable ; Pass      ; Pass      ; Inapplicable ; Inapplicable ; Inapplicable ; Inapplicable ; Inapplicable ; Inapplicable ; Inapplicable ; Inapplicable ; Inapplicable ; Inapplicable ; Inapplicable ; Inapplicable ; Inapplicable ; Inapplicable ; Inapplicable ; Inapplicable ; Inapplicable ; Inapplicable ;
; r15[14]            ; Inapplicable ; Inapplicable ; Inapplicable ; Inapplicable ; Inapplicable ; Pass      ; Inapplicable ; Inapplicable ; Pass      ; Pass      ; Inapplicable ; Inapplicable ; Inapplicable ; Inapplicable ; Inapplicable ; Inapplicable ; Inapplicable ; Inapplicable ; Inapplicable ; Inapplicable ; Inapplicable ; Inapplicable ; Inapplicable ; Inapplicable ; Inapplicable ; Inapplicable ; Inapplicable ; Inapplicable ;
; r15[15]            ; Inapplicable ; Inapplicable ; Inapplicable ; Inapplicable ; Inapplicable ; Pass      ; Inapplicable ; Inapplicable ; Pass      ; Pass      ; Inapplicable ; Inapplicable ; Inapplicable ; Inapplicable ; Inapplicable ; Inapplicable ; Inapplicable ; Inapplicable ; Inapplicable ; Inapplicable ; Inapplicable ; Inapplicable ; Inapplicable ; Inapplicable ; Inapplicable ; Inapplicable ; Inapplicable ; Inapplicable ;
; r15[16]            ; Inapplicable ; Inapplicable ; Inapplicable ; Inapplicable ; Inapplicable ; Pass      ; Inapplicable ; Inapplicable ; Pass      ; Pass      ; Inapplicable ; Inapplicable ; Inapplicable ; Inapplicable ; Inapplicable ; Inapplicable ; Inapplicable ; Inapplicable ; Inapplicable ; Inapplicable ; Inapplicable ; Inapplicable ; Inapplicable ; Inapplicable ; Inapplicable ; Inapplicable ; Inapplicable ; Inapplicable ;
; r15[17]            ; Inapplicable ; Inapplicable ; Inapplicable ; Inapplicable ; Inapplicable ; Pass      ; Inapplicable ; Inapplicable ; Pass      ; Pass      ; Inapplicable ; Inapplicable ; Inapplicable ; Inapplicable ; Inapplicable ; Inapplicable ; Inapplicable ; Inapplicable ; Inapplicable ; Inapplicable ; Inapplicable ; Inapplicable ; Inapplicable ; Inapplicable ; Inapplicable ; Inapplicable ; Inapplicable ; Inapplicable ;
; r15[18]            ; Inapplicable ; Inapplicable ; Inapplicable ; Inapplicable ; Inapplicable ; Pass      ; Inapplicable ; Inapplicable ; Pass      ; Pass      ; Inapplicable ; Inapplicable ; Inapplicable ; Inapplicable ; Inapplicable ; Inapplicable ; Inapplicable ; Inapplicable ; Inapplicable ; Inapplicable ; Inapplicable ; Inapplicable ; Inapplicable ; Inapplicable ; Inapplicable ; Inapplicable ; Inapplicable ; Inapplicable ;
; r15[19]            ; Inapplicable ; Inapplicable ; Inapplicable ; Inapplicable ; Inapplicable ; Pass      ; Inapplicable ; Inapplicable ; Pass      ; Pass      ; Inapplicable ; Inapplicable ; Inapplicable ; Inapplicable ; Inapplicable ; Inapplicable ; Inapplicable ; Inapplicable ; Inapplicable ; Inapplicable ; Inapplicable ; Inapplicable ; Inapplicable ; Inapplicable ; Inapplicable ; Inapplicable ; Inapplicable ; Inapplicable ;
; r15[20]            ; Inapplicable ; Inapplicable ; Inapplicable ; Inapplicable ; Inapplicable ; Pass      ; Inapplicable ; Inapplicable ; Pass      ; Pass      ; Inapplicable ; Inapplicable ; Inapplicable ; Inapplicable ; Inapplicable ; Inapplicable ; Inapplicable ; Inapplicable ; Inapplicable ; Inapplicable ; Inapplicable ; Inapplicable ; Inapplicable ; Inapplicable ; Inapplicable ; Inapplicable ; Inapplicable ; Inapplicable ;
; r15[21]            ; Inapplicable ; Inapplicable ; Inapplicable ; Inapplicable ; Inapplicable ; Pass      ; Inapplicable ; Inapplicable ; Pass      ; Pass      ; Inapplicable ; Inapplicable ; Inapplicable ; Inapplicable ; Inapplicable ; Inapplicable ; Inapplicable ; Inapplicable ; Inapplicable ; Inapplicable ; Inapplicable ; Inapplicable ; Inapplicable ; Inapplicable ; Inapplicable ; Inapplicable ; Inapplicable ; Inapplicable ;
; r15[22]            ; Inapplicable ; Inapplicable ; Inapplicable ; Inapplicable ; Inapplicable ; Pass      ; Inapplicable ; Inapplicable ; Pass      ; Pass      ; Inapplicable ; Inapplicable ; Inapplicable ; Inapplicable ; Inapplicable ; Inapplicable ; Inapplicable ; Inapplicable ; Inapplicable ; Inapplicable ; Inapplicable ; Inapplicable ; Inapplicable ; Inapplicable ; Inapplicable ; Inapplicable ; Inapplicable ; Inapplicable ;
; r15[23]            ; Inapplicable ; Inapplicable ; Inapplicable ; Inapplicable ; Inapplicable ; Pass      ; Inapplicable ; Inapplicable ; Pass      ; Pass      ; Inapplicable ; Inapplicable ; Inapplicable ; Inapplicable ; Inapplicable ; Inapplicable ; Inapplicable ; Inapplicable ; Inapplicable ; Inapplicable ; Inapplicable ; Inapplicable ; Inapplicable ; Inapplicable ; Inapplicable ; Inapplicable ; Inapplicable ; Inapplicable ;
; r15[24]            ; Inapplicable ; Inapplicable ; Inapplicable ; Inapplicable ; Inapplicable ; Pass      ; Inapplicable ; Inapplicable ; Pass      ; Pass      ; Inapplicable ; Inapplicable ; Inapplicable ; Inapplicable ; Inapplicable ; Inapplicable ; Inapplicable ; Inapplicable ; Inapplicable ; Inapplicable ; Inapplicable ; Inapplicable ; Inapplicable ; Inapplicable ; Inapplicable ; Inapplicable ; Inapplicable ; Inapplicable ;
; r15[25]            ; Inapplicable ; Inapplicable ; Inapplicable ; Inapplicable ; Inapplicable ; Pass      ; Inapplicable ; Inapplicable ; Pass      ; Pass      ; Inapplicable ; Inapplicable ; Inapplicable ; Inapplicable ; Inapplicable ; Inapplicable ; Inapplicable ; Inapplicable ; Inapplicable ; Inapplicable ; Inapplicable ; Inapplicable ; Inapplicable ; Inapplicable ; Inapplicable ; Inapplicable ; Inapplicable ; Inapplicable ;
; r15[26]            ; Inapplicable ; Inapplicable ; Inapplicable ; Inapplicable ; Inapplicable ; Pass      ; Inapplicable ; Inapplicable ; Pass      ; Pass      ; Inapplicable ; Inapplicable ; Inapplicable ; Inapplicable ; Inapplicable ; Inapplicable ; Inapplicable ; Inapplicable ; Inapplicable ; Inapplicable ; Inapplicable ; Inapplicable ; Inapplicable ; Inapplicable ; Inapplicable ; Inapplicable ; Inapplicable ; Inapplicable ;
; r15[27]            ; Inapplicable ; Inapplicable ; Inapplicable ; Inapplicable ; Inapplicable ; Pass      ; Inapplicable ; Inapplicable ; Pass      ; Pass      ; Inapplicable ; Inapplicable ; Inapplicable ; Inapplicable ; Inapplicable ; Inapplicable ; Inapplicable ; Inapplicable ; Inapplicable ; Inapplicable ; Inapplicable ; Inapplicable ; Inapplicable ; Inapplicable ; Inapplicable ; Inapplicable ; Inapplicable ; Inapplicable ;
; r15[28]            ; Inapplicable ; Inapplicable ; Inapplicable ; Inapplicable ; Inapplicable ; Pass      ; Inapplicable ; Inapplicable ; Pass      ; Pass      ; Inapplicable ; Inapplicable ; Inapplicable ; Inapplicable ; Inapplicable ; Inapplicable ; Inapplicable ; Inapplicable ; Inapplicable ; Inapplicable ; Inapplicable ; Inapplicable ; Inapplicable ; Inapplicable ; Inapplicable ; Inapplicable ; Inapplicable ; Inapplicable ;
; r15[29]            ; Inapplicable ; Inapplicable ; Inapplicable ; Inapplicable ; Inapplicable ; Pass      ; Inapplicable ; Inapplicable ; Pass      ; Pass      ; Inapplicable ; Inapplicable ; Inapplicable ; Inapplicable ; Inapplicable ; Inapplicable ; Inapplicable ; Inapplicable ; Inapplicable ; Inapplicable ; Inapplicable ; Inapplicable ; Inapplicable ; Inapplicable ; Inapplicable ; Inapplicable ; Inapplicable ; Inapplicable ;
; r15[30]            ; Inapplicable ; Inapplicable ; Inapplicable ; Inapplicable ; Inapplicable ; Pass      ; Inapplicable ; Inapplicable ; Pass      ; Pass      ; Inapplicable ; Inapplicable ; Inapplicable ; Inapplicable ; Inapplicable ; Inapplicable ; Inapplicable ; Inapplicable ; Inapplicable ; Inapplicable ; Inapplicable ; Inapplicable ; Inapplicable ; Inapplicable ; Inapplicable ; Inapplicable ; Inapplicable ; Inapplicable ;
; r15[31]            ; Inapplicable ; Inapplicable ; Inapplicable ; Inapplicable ; Inapplicable ; Pass      ; Inapplicable ; Inapplicable ; Pass      ; Pass      ; Inapplicable ; Inapplicable ; Inapplicable ; Inapplicable ; Inapplicable ; Inapplicable ; Inapplicable ; Inapplicable ; Inapplicable ; Inapplicable ; Inapplicable ; Inapplicable ; Inapplicable ; Inapplicable ; Inapplicable ; Inapplicable ; Inapplicable ; Inapplicable ;
; rd1[0]             ; Inapplicable ; Inapplicable ; Inapplicable ; Inapplicable ; Inapplicable ; Pass      ; Inapplicable ; Inapplicable ; Pass      ; Pass      ; Inapplicable ; Pass         ; Inapplicable ; Inapplicable ; Inapplicable ; Inapplicable ; Pass         ; Inapplicable ; Inapplicable ; Inapplicable ; Inapplicable ; Pass         ; Inapplicable ; Inapplicable ; Inapplicable ; Inapplicable ; Inapplicable ; Inapplicable ;
; rd1[1]             ; Inapplicable ; Inapplicable ; Inapplicable ; Inapplicable ; Inapplicable ; Pass      ; Inapplicable ; Inapplicable ; Pass      ; Pass      ; Inapplicable ; Pass         ; Inapplicable ; Inapplicable ; Inapplicable ; Inapplicable ; Pass         ; Inapplicable ; Inapplicable ; Inapplicable ; Inapplicable ; Pass         ; Inapplicable ; Inapplicable ; Inapplicable ; Inapplicable ; Inapplicable ; Inapplicable ;
; rd1[2]             ; Inapplicable ; Inapplicable ; Inapplicable ; Inapplicable ; Inapplicable ; Pass      ; Inapplicable ; Inapplicable ; Pass      ; Pass      ; Inapplicable ; Pass         ; Inapplicable ; Inapplicable ; Inapplicable ; Inapplicable ; Pass         ; Inapplicable ; Inapplicable ; Inapplicable ; Inapplicable ; Pass         ; Inapplicable ; Inapplicable ; Inapplicable ; Inapplicable ; Inapplicable ; Inapplicable ;
; rd1[3]             ; Inapplicable ; Inapplicable ; Inapplicable ; Inapplicable ; Inapplicable ; Pass      ; Inapplicable ; Inapplicable ; Pass      ; Pass      ; Inapplicable ; Pass         ; Inapplicable ; Inapplicable ; Inapplicable ; Inapplicable ; Pass         ; Inapplicable ; Inapplicable ; Inapplicable ; Inapplicable ; Pass         ; Inapplicable ; Inapplicable ; Inapplicable ; Inapplicable ; Inapplicable ; Inapplicable ;
; rd1[4]             ; Inapplicable ; Inapplicable ; Inapplicable ; Inapplicable ; Inapplicable ; Pass      ; Inapplicable ; Inapplicable ; Pass      ; Pass      ; Inapplicable ; Pass         ; Inapplicable ; Inapplicable ; Inapplicable ; Inapplicable ; Pass         ; Inapplicable ; Inapplicable ; Inapplicable ; Inapplicable ; Pass         ; Inapplicable ; Inapplicable ; Inapplicable ; Inapplicable ; Inapplicable ; Inapplicable ;
; rd1[5]             ; Inapplicable ; Inapplicable ; Inapplicable ; Inapplicable ; Inapplicable ; Pass      ; Inapplicable ; Inapplicable ; Pass      ; Pass      ; Inapplicable ; Pass         ; Inapplicable ; Inapplicable ; Inapplicable ; Inapplicable ; Pass         ; Inapplicable ; Inapplicable ; Inapplicable ; Inapplicable ; Pass         ; Inapplicable ; Inapplicable ; Inapplicable ; Inapplicable ; Inapplicable ; Inapplicable ;
; rd1[6]             ; Inapplicable ; Inapplicable ; Inapplicable ; Inapplicable ; Inapplicable ; Pass      ; Inapplicable ; Inapplicable ; Pass      ; Pass      ; Inapplicable ; Pass         ; Inapplicable ; Inapplicable ; Inapplicable ; Inapplicable ; Pass         ; Inapplicable ; Inapplicable ; Inapplicable ; Inapplicable ; Pass         ; Inapplicable ; Inapplicable ; Inapplicable ; Inapplicable ; Inapplicable ; Inapplicable ;
; rd1[7]             ; Inapplicable ; Inapplicable ; Inapplicable ; Inapplicable ; Inapplicable ; Pass      ; Inapplicable ; Inapplicable ; Pass      ; Pass      ; Inapplicable ; Pass         ; Inapplicable ; Inapplicable ; Inapplicable ; Inapplicable ; Pass         ; Inapplicable ; Inapplicable ; Inapplicable ; Inapplicable ; Pass         ; Inapplicable ; Inapplicable ; Inapplicable ; Inapplicable ; Inapplicable ; Inapplicable ;
; rd1[8]             ; Inapplicable ; Inapplicable ; Inapplicable ; Inapplicable ; Inapplicable ; Pass      ; Inapplicable ; Inapplicable ; Pass      ; Pass      ; Inapplicable ; Pass         ; Inapplicable ; Inapplicable ; Inapplicable ; Inapplicable ; Pass         ; Inapplicable ; Inapplicable ; Inapplicable ; Inapplicable ; Pass         ; Inapplicable ; Inapplicable ; Inapplicable ; Inapplicable ; Inapplicable ; Inapplicable ;
; rd1[9]             ; Inapplicable ; Inapplicable ; Inapplicable ; Inapplicable ; Inapplicable ; Pass      ; Inapplicable ; Inapplicable ; Pass      ; Pass      ; Inapplicable ; Pass         ; Inapplicable ; Inapplicable ; Inapplicable ; Inapplicable ; Pass         ; Inapplicable ; Inapplicable ; Inapplicable ; Inapplicable ; Pass         ; Inapplicable ; Inapplicable ; Inapplicable ; Inapplicable ; Inapplicable ; Inapplicable ;
; rd1[10]            ; Inapplicable ; Inapplicable ; Inapplicable ; Inapplicable ; Inapplicable ; Pass      ; Inapplicable ; Inapplicable ; Pass      ; Pass      ; Inapplicable ; Pass         ; Inapplicable ; Inapplicable ; Inapplicable ; Inapplicable ; Pass         ; Inapplicable ; Inapplicable ; Inapplicable ; Inapplicable ; Pass         ; Inapplicable ; Inapplicable ; Inapplicable ; Inapplicable ; Inapplicable ; Inapplicable ;
; rd1[11]            ; Inapplicable ; Inapplicable ; Inapplicable ; Inapplicable ; Inapplicable ; Pass      ; Inapplicable ; Inapplicable ; Pass      ; Pass      ; Inapplicable ; Pass         ; Inapplicable ; Inapplicable ; Inapplicable ; Inapplicable ; Pass         ; Inapplicable ; Inapplicable ; Inapplicable ; Inapplicable ; Pass         ; Inapplicable ; Inapplicable ; Inapplicable ; Inapplicable ; Inapplicable ; Inapplicable ;
; rd1[12]            ; Inapplicable ; Inapplicable ; Inapplicable ; Inapplicable ; Inapplicable ; Pass      ; Inapplicable ; Inapplicable ; Pass      ; Pass      ; Inapplicable ; Pass         ; Inapplicable ; Inapplicable ; Inapplicable ; Inapplicable ; Pass         ; Inapplicable ; Inapplicable ; Inapplicable ; Inapplicable ; Pass         ; Inapplicable ; Inapplicable ; Inapplicable ; Inapplicable ; Inapplicable ; Inapplicable ;
; rd1[13]            ; Inapplicable ; Inapplicable ; Inapplicable ; Inapplicable ; Inapplicable ; Pass      ; Inapplicable ; Inapplicable ; Pass      ; Pass      ; Inapplicable ; Pass         ; Inapplicable ; Inapplicable ; Inapplicable ; Inapplicable ; Pass         ; Inapplicable ; Inapplicable ; Inapplicable ; Inapplicable ; Pass         ; Inapplicable ; Inapplicable ; Inapplicable ; Inapplicable ; Inapplicable ; Inapplicable ;
; rd1[14]            ; Inapplicable ; Inapplicable ; Inapplicable ; Inapplicable ; Inapplicable ; Pass      ; Inapplicable ; Inapplicable ; Pass      ; Pass      ; Inapplicable ; Pass         ; Inapplicable ; Inapplicable ; Inapplicable ; Inapplicable ; Pass         ; Inapplicable ; Inapplicable ; Inapplicable ; Inapplicable ; Pass         ; Inapplicable ; Inapplicable ; Inapplicable ; Inapplicable ; Inapplicable ; Inapplicable ;
; rd1[15]            ; Inapplicable ; Inapplicable ; Inapplicable ; Inapplicable ; Inapplicable ; Pass      ; Inapplicable ; Inapplicable ; Pass      ; Pass      ; Inapplicable ; Pass         ; Inapplicable ; Inapplicable ; Inapplicable ; Inapplicable ; Pass         ; Inapplicable ; Inapplicable ; Inapplicable ; Inapplicable ; Pass         ; Inapplicable ; Inapplicable ; Inapplicable ; Inapplicable ; Inapplicable ; Inapplicable ;
; rd1[16]            ; Inapplicable ; Inapplicable ; Inapplicable ; Inapplicable ; Inapplicable ; Pass      ; Inapplicable ; Inapplicable ; Pass      ; Pass      ; Inapplicable ; Pass         ; Inapplicable ; Inapplicable ; Inapplicable ; Inapplicable ; Pass         ; Inapplicable ; Inapplicable ; Inapplicable ; Inapplicable ; Pass         ; Inapplicable ; Inapplicable ; Inapplicable ; Inapplicable ; Inapplicable ; Inapplicable ;
; rd1[17]            ; Inapplicable ; Inapplicable ; Inapplicable ; Inapplicable ; Inapplicable ; Pass      ; Inapplicable ; Inapplicable ; Pass      ; Pass      ; Inapplicable ; Pass         ; Inapplicable ; Inapplicable ; Inapplicable ; Inapplicable ; Pass         ; Inapplicable ; Inapplicable ; Inapplicable ; Inapplicable ; Pass         ; Inapplicable ; Inapplicable ; Inapplicable ; Inapplicable ; Inapplicable ; Inapplicable ;
; rd1[18]            ; Inapplicable ; Inapplicable ; Inapplicable ; Inapplicable ; Inapplicable ; Pass      ; Inapplicable ; Inapplicable ; Pass      ; Pass      ; Inapplicable ; Pass         ; Inapplicable ; Inapplicable ; Inapplicable ; Inapplicable ; Pass         ; Inapplicable ; Inapplicable ; Inapplicable ; Inapplicable ; Pass         ; Inapplicable ; Inapplicable ; Inapplicable ; Inapplicable ; Inapplicable ; Inapplicable ;
; rd1[19]            ; Inapplicable ; Inapplicable ; Inapplicable ; Inapplicable ; Inapplicable ; Pass      ; Inapplicable ; Inapplicable ; Pass      ; Pass      ; Inapplicable ; Pass         ; Inapplicable ; Inapplicable ; Inapplicable ; Inapplicable ; Pass         ; Inapplicable ; Inapplicable ; Inapplicable ; Inapplicable ; Pass         ; Inapplicable ; Inapplicable ; Inapplicable ; Inapplicable ; Inapplicable ; Inapplicable ;
; rd1[20]            ; Inapplicable ; Inapplicable ; Inapplicable ; Inapplicable ; Inapplicable ; Pass      ; Inapplicable ; Inapplicable ; Pass      ; Pass      ; Inapplicable ; Pass         ; Inapplicable ; Inapplicable ; Inapplicable ; Inapplicable ; Pass         ; Inapplicable ; Inapplicable ; Inapplicable ; Inapplicable ; Pass         ; Inapplicable ; Inapplicable ; Inapplicable ; Inapplicable ; Inapplicable ; Inapplicable ;
; rd1[21]            ; Inapplicable ; Inapplicable ; Inapplicable ; Inapplicable ; Inapplicable ; Pass      ; Inapplicable ; Inapplicable ; Pass      ; Pass      ; Inapplicable ; Pass         ; Inapplicable ; Inapplicable ; Inapplicable ; Inapplicable ; Pass         ; Inapplicable ; Inapplicable ; Inapplicable ; Inapplicable ; Pass         ; Inapplicable ; Inapplicable ; Inapplicable ; Inapplicable ; Inapplicable ; Inapplicable ;
; rd1[22]            ; Inapplicable ; Inapplicable ; Inapplicable ; Inapplicable ; Inapplicable ; Pass      ; Inapplicable ; Inapplicable ; Pass      ; Pass      ; Inapplicable ; Pass         ; Inapplicable ; Inapplicable ; Inapplicable ; Inapplicable ; Pass         ; Inapplicable ; Inapplicable ; Inapplicable ; Inapplicable ; Pass         ; Inapplicable ; Inapplicable ; Inapplicable ; Inapplicable ; Inapplicable ; Inapplicable ;
; rd1[23]            ; Inapplicable ; Inapplicable ; Inapplicable ; Inapplicable ; Inapplicable ; Pass      ; Inapplicable ; Inapplicable ; Pass      ; Pass      ; Inapplicable ; Pass         ; Inapplicable ; Inapplicable ; Inapplicable ; Inapplicable ; Pass         ; Inapplicable ; Inapplicable ; Inapplicable ; Inapplicable ; Pass         ; Inapplicable ; Inapplicable ; Inapplicable ; Inapplicable ; Inapplicable ; Inapplicable ;
; rd1[24]            ; Inapplicable ; Inapplicable ; Inapplicable ; Inapplicable ; Inapplicable ; Pass      ; Inapplicable ; Inapplicable ; Pass      ; Pass      ; Inapplicable ; Pass         ; Inapplicable ; Inapplicable ; Inapplicable ; Inapplicable ; Pass         ; Inapplicable ; Inapplicable ; Inapplicable ; Inapplicable ; Pass         ; Inapplicable ; Inapplicable ; Inapplicable ; Inapplicable ; Inapplicable ; Inapplicable ;
; rd1[25]            ; Inapplicable ; Inapplicable ; Inapplicable ; Inapplicable ; Inapplicable ; Pass      ; Inapplicable ; Inapplicable ; Pass      ; Pass      ; Inapplicable ; Pass         ; Inapplicable ; Inapplicable ; Inapplicable ; Inapplicable ; Pass         ; Inapplicable ; Inapplicable ; Inapplicable ; Inapplicable ; Pass         ; Inapplicable ; Inapplicable ; Inapplicable ; Inapplicable ; Inapplicable ; Inapplicable ;
; rd1[26]            ; Inapplicable ; Inapplicable ; Inapplicable ; Inapplicable ; Inapplicable ; Pass      ; Inapplicable ; Inapplicable ; Pass      ; Pass      ; Inapplicable ; Pass         ; Inapplicable ; Inapplicable ; Inapplicable ; Inapplicable ; Pass         ; Inapplicable ; Inapplicable ; Inapplicable ; Inapplicable ; Pass         ; Inapplicable ; Inapplicable ; Inapplicable ; Inapplicable ; Inapplicable ; Inapplicable ;
; rd1[27]            ; Inapplicable ; Inapplicable ; Inapplicable ; Inapplicable ; Inapplicable ; Pass      ; Inapplicable ; Inapplicable ; Pass      ; Pass      ; Inapplicable ; Pass         ; Inapplicable ; Inapplicable ; Inapplicable ; Inapplicable ; Pass         ; Inapplicable ; Inapplicable ; Inapplicable ; Inapplicable ; Pass         ; Inapplicable ; Inapplicable ; Inapplicable ; Inapplicable ; Inapplicable ; Inapplicable ;
; rd1[28]            ; Inapplicable ; Inapplicable ; Inapplicable ; Inapplicable ; Inapplicable ; Pass      ; Inapplicable ; Inapplicable ; Pass      ; Pass      ; Inapplicable ; Pass         ; Inapplicable ; Inapplicable ; Inapplicable ; Inapplicable ; Pass         ; Inapplicable ; Inapplicable ; Inapplicable ; Inapplicable ; Pass         ; Inapplicable ; Inapplicable ; Inapplicable ; Inapplicable ; Inapplicable ; Inapplicable ;
; rd1[29]            ; Inapplicable ; Inapplicable ; Inapplicable ; Inapplicable ; Inapplicable ; Pass      ; Inapplicable ; Inapplicable ; Pass      ; Pass      ; Inapplicable ; Pass         ; Inapplicable ; Inapplicable ; Inapplicable ; Inapplicable ; Pass         ; Inapplicable ; Inapplicable ; Inapplicable ; Inapplicable ; Pass         ; Inapplicable ; Inapplicable ; Inapplicable ; Inapplicable ; Inapplicable ; Inapplicable ;
; rd1[30]            ; Inapplicable ; Inapplicable ; Inapplicable ; Inapplicable ; Inapplicable ; Pass      ; Inapplicable ; Inapplicable ; Pass      ; Pass      ; Inapplicable ; Pass         ; Inapplicable ; Inapplicable ; Inapplicable ; Inapplicable ; Pass         ; Inapplicable ; Inapplicable ; Inapplicable ; Inapplicable ; Pass         ; Inapplicable ; Inapplicable ; Inapplicable ; Inapplicable ; Inapplicable ; Inapplicable ;
; rd1[31]            ; Inapplicable ; Inapplicable ; Inapplicable ; Inapplicable ; Inapplicable ; Pass      ; Inapplicable ; Inapplicable ; Pass      ; Pass      ; Inapplicable ; Pass         ; Inapplicable ; Inapplicable ; Inapplicable ; Inapplicable ; Pass         ; Inapplicable ; Inapplicable ; Inapplicable ; Inapplicable ; Pass         ; Inapplicable ; Inapplicable ; Inapplicable ; Inapplicable ; Inapplicable ; Inapplicable ;
; rd2[0]             ; Inapplicable ; Inapplicable ; Inapplicable ; Inapplicable ; Inapplicable ; Pass      ; Inapplicable ; Inapplicable ; Pass      ; Pass      ; Inapplicable ; Pass         ; Inapplicable ; Inapplicable ; Inapplicable ; Inapplicable ; Pass         ; Inapplicable ; Inapplicable ; Inapplicable ; Inapplicable ; Pass         ; Inapplicable ; Inapplicable ; Inapplicable ; Inapplicable ; Inapplicable ; Inapplicable ;
; rd2[1]             ; Inapplicable ; Inapplicable ; Inapplicable ; Inapplicable ; Inapplicable ; Pass      ; Inapplicable ; Inapplicable ; Pass      ; Pass      ; Inapplicable ; Pass         ; Inapplicable ; Inapplicable ; Inapplicable ; Inapplicable ; Pass         ; Inapplicable ; Inapplicable ; Inapplicable ; Inapplicable ; Pass         ; Inapplicable ; Inapplicable ; Inapplicable ; Inapplicable ; Inapplicable ; Inapplicable ;
; rd2[2]             ; Inapplicable ; Inapplicable ; Inapplicable ; Inapplicable ; Inapplicable ; Pass      ; Inapplicable ; Inapplicable ; Pass      ; Pass      ; Inapplicable ; Pass         ; Inapplicable ; Inapplicable ; Inapplicable ; Inapplicable ; Pass         ; Inapplicable ; Inapplicable ; Inapplicable ; Inapplicable ; Pass         ; Inapplicable ; Inapplicable ; Inapplicable ; Inapplicable ; Inapplicable ; Inapplicable ;
; rd2[3]             ; Inapplicable ; Inapplicable ; Inapplicable ; Inapplicable ; Inapplicable ; Pass      ; Inapplicable ; Inapplicable ; Pass      ; Pass      ; Inapplicable ; Pass         ; Inapplicable ; Inapplicable ; Inapplicable ; Inapplicable ; Pass         ; Inapplicable ; Inapplicable ; Inapplicable ; Inapplicable ; Pass         ; Inapplicable ; Inapplicable ; Inapplicable ; Inapplicable ; Inapplicable ; Inapplicable ;
; rd2[4]             ; Inapplicable ; Inapplicable ; Inapplicable ; Inapplicable ; Inapplicable ; Pass      ; Inapplicable ; Inapplicable ; Pass      ; Pass      ; Inapplicable ; Pass         ; Inapplicable ; Inapplicable ; Inapplicable ; Inapplicable ; Pass         ; Inapplicable ; Inapplicable ; Inapplicable ; Inapplicable ; Pass         ; Inapplicable ; Inapplicable ; Inapplicable ; Inapplicable ; Inapplicable ; Inapplicable ;
; rd2[5]             ; Inapplicable ; Inapplicable ; Inapplicable ; Inapplicable ; Inapplicable ; Pass      ; Inapplicable ; Inapplicable ; Pass      ; Pass      ; Inapplicable ; Pass         ; Inapplicable ; Inapplicable ; Inapplicable ; Inapplicable ; Pass         ; Inapplicable ; Inapplicable ; Inapplicable ; Inapplicable ; Pass         ; Inapplicable ; Inapplicable ; Inapplicable ; Inapplicable ; Inapplicable ; Inapplicable ;
; rd2[6]             ; Inapplicable ; Inapplicable ; Inapplicable ; Inapplicable ; Inapplicable ; Pass      ; Inapplicable ; Inapplicable ; Pass      ; Pass      ; Inapplicable ; Pass         ; Inapplicable ; Inapplicable ; Inapplicable ; Inapplicable ; Pass         ; Inapplicable ; Inapplicable ; Inapplicable ; Inapplicable ; Pass         ; Inapplicable ; Inapplicable ; Inapplicable ; Inapplicable ; Inapplicable ; Inapplicable ;
; rd2[7]             ; Inapplicable ; Inapplicable ; Inapplicable ; Inapplicable ; Inapplicable ; Pass      ; Inapplicable ; Inapplicable ; Pass      ; Pass      ; Inapplicable ; Pass         ; Inapplicable ; Inapplicable ; Inapplicable ; Inapplicable ; Pass         ; Inapplicable ; Inapplicable ; Inapplicable ; Inapplicable ; Pass         ; Inapplicable ; Inapplicable ; Inapplicable ; Inapplicable ; Inapplicable ; Inapplicable ;
; rd2[8]             ; Inapplicable ; Inapplicable ; Inapplicable ; Inapplicable ; Inapplicable ; Pass      ; Inapplicable ; Inapplicable ; Pass      ; Pass      ; Inapplicable ; Pass         ; Inapplicable ; Inapplicable ; Inapplicable ; Inapplicable ; Pass         ; Inapplicable ; Inapplicable ; Inapplicable ; Inapplicable ; Pass         ; Inapplicable ; Inapplicable ; Inapplicable ; Inapplicable ; Inapplicable ; Inapplicable ;
; rd2[9]             ; Inapplicable ; Inapplicable ; Inapplicable ; Inapplicable ; Inapplicable ; Pass      ; Inapplicable ; Inapplicable ; Pass      ; Pass      ; Inapplicable ; Pass         ; Inapplicable ; Inapplicable ; Inapplicable ; Inapplicable ; Pass         ; Inapplicable ; Inapplicable ; Inapplicable ; Inapplicable ; Pass         ; Inapplicable ; Inapplicable ; Inapplicable ; Inapplicable ; Inapplicable ; Inapplicable ;
; rd2[10]            ; Inapplicable ; Inapplicable ; Inapplicable ; Inapplicable ; Inapplicable ; Pass      ; Inapplicable ; Inapplicable ; Pass      ; Pass      ; Inapplicable ; Pass         ; Inapplicable ; Inapplicable ; Inapplicable ; Inapplicable ; Pass         ; Inapplicable ; Inapplicable ; Inapplicable ; Inapplicable ; Pass         ; Inapplicable ; Inapplicable ; Inapplicable ; Inapplicable ; Inapplicable ; Inapplicable ;
; rd2[11]            ; Inapplicable ; Inapplicable ; Inapplicable ; Inapplicable ; Inapplicable ; Pass      ; Inapplicable ; Inapplicable ; Pass      ; Pass      ; Inapplicable ; Pass         ; Inapplicable ; Inapplicable ; Inapplicable ; Inapplicable ; Pass         ; Inapplicable ; Inapplicable ; Inapplicable ; Inapplicable ; Pass         ; Inapplicable ; Inapplicable ; Inapplicable ; Inapplicable ; Inapplicable ; Inapplicable ;
; rd2[12]            ; Inapplicable ; Inapplicable ; Inapplicable ; Inapplicable ; Inapplicable ; Pass      ; Inapplicable ; Inapplicable ; Pass      ; Pass      ; Inapplicable ; Pass         ; Inapplicable ; Inapplicable ; Inapplicable ; Inapplicable ; Pass         ; Inapplicable ; Inapplicable ; Inapplicable ; Inapplicable ; Pass         ; Inapplicable ; Inapplicable ; Inapplicable ; Inapplicable ; Inapplicable ; Inapplicable ;
; rd2[13]            ; Inapplicable ; Inapplicable ; Inapplicable ; Inapplicable ; Inapplicable ; Pass      ; Inapplicable ; Inapplicable ; Pass      ; Pass      ; Inapplicable ; Pass         ; Inapplicable ; Inapplicable ; Inapplicable ; Inapplicable ; Pass         ; Inapplicable ; Inapplicable ; Inapplicable ; Inapplicable ; Pass         ; Inapplicable ; Inapplicable ; Inapplicable ; Inapplicable ; Inapplicable ; Inapplicable ;
; rd2[14]            ; Inapplicable ; Inapplicable ; Inapplicable ; Inapplicable ; Inapplicable ; Pass      ; Inapplicable ; Inapplicable ; Pass      ; Pass      ; Inapplicable ; Pass         ; Inapplicable ; Inapplicable ; Inapplicable ; Inapplicable ; Pass         ; Inapplicable ; Inapplicable ; Inapplicable ; Inapplicable ; Pass         ; Inapplicable ; Inapplicable ; Inapplicable ; Inapplicable ; Inapplicable ; Inapplicable ;
; rd2[15]            ; Inapplicable ; Inapplicable ; Inapplicable ; Inapplicable ; Inapplicable ; Pass      ; Inapplicable ; Inapplicable ; Pass      ; Pass      ; Inapplicable ; Pass         ; Inapplicable ; Inapplicable ; Inapplicable ; Inapplicable ; Pass         ; Inapplicable ; Inapplicable ; Inapplicable ; Inapplicable ; Pass         ; Inapplicable ; Inapplicable ; Inapplicable ; Inapplicable ; Inapplicable ; Inapplicable ;
; rd2[16]            ; Inapplicable ; Inapplicable ; Inapplicable ; Inapplicable ; Inapplicable ; Pass      ; Inapplicable ; Inapplicable ; Pass      ; Pass      ; Inapplicable ; Pass         ; Inapplicable ; Inapplicable ; Inapplicable ; Inapplicable ; Pass         ; Inapplicable ; Inapplicable ; Inapplicable ; Inapplicable ; Pass         ; Inapplicable ; Inapplicable ; Inapplicable ; Inapplicable ; Inapplicable ; Inapplicable ;
; rd2[17]            ; Inapplicable ; Inapplicable ; Inapplicable ; Inapplicable ; Inapplicable ; Pass      ; Inapplicable ; Inapplicable ; Pass      ; Pass      ; Inapplicable ; Pass         ; Inapplicable ; Inapplicable ; Inapplicable ; Inapplicable ; Pass         ; Inapplicable ; Inapplicable ; Inapplicable ; Inapplicable ; Pass         ; Inapplicable ; Inapplicable ; Inapplicable ; Inapplicable ; Inapplicable ; Inapplicable ;
; rd2[18]            ; Inapplicable ; Inapplicable ; Inapplicable ; Inapplicable ; Inapplicable ; Pass      ; Inapplicable ; Inapplicable ; Pass      ; Pass      ; Inapplicable ; Pass         ; Inapplicable ; Inapplicable ; Inapplicable ; Inapplicable ; Pass         ; Inapplicable ; Inapplicable ; Inapplicable ; Inapplicable ; Pass         ; Inapplicable ; Inapplicable ; Inapplicable ; Inapplicable ; Inapplicable ; Inapplicable ;
; rd2[19]            ; Inapplicable ; Inapplicable ; Inapplicable ; Inapplicable ; Inapplicable ; Pass      ; Inapplicable ; Inapplicable ; Pass      ; Pass      ; Inapplicable ; Pass         ; Inapplicable ; Inapplicable ; Inapplicable ; Inapplicable ; Pass         ; Inapplicable ; Inapplicable ; Inapplicable ; Inapplicable ; Pass         ; Inapplicable ; Inapplicable ; Inapplicable ; Inapplicable ; Inapplicable ; Inapplicable ;
; rd2[20]            ; Inapplicable ; Inapplicable ; Inapplicable ; Inapplicable ; Inapplicable ; Pass      ; Inapplicable ; Inapplicable ; Pass      ; Pass      ; Inapplicable ; Pass         ; Inapplicable ; Inapplicable ; Inapplicable ; Inapplicable ; Pass         ; Inapplicable ; Inapplicable ; Inapplicable ; Inapplicable ; Pass         ; Inapplicable ; Inapplicable ; Inapplicable ; Inapplicable ; Inapplicable ; Inapplicable ;
; rd2[21]            ; Inapplicable ; Inapplicable ; Inapplicable ; Inapplicable ; Inapplicable ; Pass      ; Inapplicable ; Inapplicable ; Pass      ; Pass      ; Inapplicable ; Pass         ; Inapplicable ; Inapplicable ; Inapplicable ; Inapplicable ; Pass         ; Inapplicable ; Inapplicable ; Inapplicable ; Inapplicable ; Pass         ; Inapplicable ; Inapplicable ; Inapplicable ; Inapplicable ; Inapplicable ; Inapplicable ;
; rd2[22]            ; Inapplicable ; Inapplicable ; Inapplicable ; Inapplicable ; Inapplicable ; Pass      ; Inapplicable ; Inapplicable ; Pass      ; Pass      ; Inapplicable ; Pass         ; Inapplicable ; Inapplicable ; Inapplicable ; Inapplicable ; Pass         ; Inapplicable ; Inapplicable ; Inapplicable ; Inapplicable ; Pass         ; Inapplicable ; Inapplicable ; Inapplicable ; Inapplicable ; Inapplicable ; Inapplicable ;
; rd2[23]            ; Inapplicable ; Inapplicable ; Inapplicable ; Inapplicable ; Inapplicable ; Pass      ; Inapplicable ; Inapplicable ; Pass      ; Pass      ; Inapplicable ; Pass         ; Inapplicable ; Inapplicable ; Inapplicable ; Inapplicable ; Pass         ; Inapplicable ; Inapplicable ; Inapplicable ; Inapplicable ; Pass         ; Inapplicable ; Inapplicable ; Inapplicable ; Inapplicable ; Inapplicable ; Inapplicable ;
; rd2[24]            ; Inapplicable ; Inapplicable ; Inapplicable ; Inapplicable ; Inapplicable ; Pass      ; Inapplicable ; Inapplicable ; Pass      ; Pass      ; Inapplicable ; Pass         ; Inapplicable ; Inapplicable ; Inapplicable ; Inapplicable ; Pass         ; Inapplicable ; Inapplicable ; Inapplicable ; Inapplicable ; Pass         ; Inapplicable ; Inapplicable ; Inapplicable ; Inapplicable ; Inapplicable ; Inapplicable ;
; rd2[25]            ; Inapplicable ; Inapplicable ; Inapplicable ; Inapplicable ; Inapplicable ; Pass      ; Inapplicable ; Inapplicable ; Pass      ; Pass      ; Inapplicable ; Pass         ; Inapplicable ; Inapplicable ; Inapplicable ; Inapplicable ; Pass         ; Inapplicable ; Inapplicable ; Inapplicable ; Inapplicable ; Pass         ; Inapplicable ; Inapplicable ; Inapplicable ; Inapplicable ; Inapplicable ; Inapplicable ;
; rd2[26]            ; Inapplicable ; Inapplicable ; Inapplicable ; Inapplicable ; Inapplicable ; Pass      ; Inapplicable ; Inapplicable ; Pass      ; Pass      ; Inapplicable ; Pass         ; Inapplicable ; Inapplicable ; Inapplicable ; Inapplicable ; Pass         ; Inapplicable ; Inapplicable ; Inapplicable ; Inapplicable ; Pass         ; Inapplicable ; Inapplicable ; Inapplicable ; Inapplicable ; Inapplicable ; Inapplicable ;
; rd2[27]            ; Inapplicable ; Inapplicable ; Inapplicable ; Inapplicable ; Inapplicable ; Pass      ; Inapplicable ; Inapplicable ; Pass      ; Pass      ; Inapplicable ; Pass         ; Inapplicable ; Inapplicable ; Inapplicable ; Inapplicable ; Pass         ; Inapplicable ; Inapplicable ; Inapplicable ; Inapplicable ; Pass         ; Inapplicable ; Inapplicable ; Inapplicable ; Inapplicable ; Inapplicable ; Inapplicable ;
; rd2[28]            ; Inapplicable ; Inapplicable ; Inapplicable ; Inapplicable ; Inapplicable ; Pass      ; Inapplicable ; Inapplicable ; Pass      ; Pass      ; Inapplicable ; Pass         ; Inapplicable ; Inapplicable ; Inapplicable ; Inapplicable ; Pass         ; Inapplicable ; Inapplicable ; Inapplicable ; Inapplicable ; Pass         ; Inapplicable ; Inapplicable ; Inapplicable ; Inapplicable ; Inapplicable ; Inapplicable ;
; rd2[29]            ; Inapplicable ; Inapplicable ; Inapplicable ; Inapplicable ; Inapplicable ; Pass      ; Inapplicable ; Inapplicable ; Pass      ; Pass      ; Inapplicable ; Pass         ; Inapplicable ; Inapplicable ; Inapplicable ; Inapplicable ; Pass         ; Inapplicable ; Inapplicable ; Inapplicable ; Inapplicable ; Pass         ; Inapplicable ; Inapplicable ; Inapplicable ; Inapplicable ; Inapplicable ; Inapplicable ;
; rd2[30]            ; Inapplicable ; Inapplicable ; Inapplicable ; Inapplicable ; Inapplicable ; Pass      ; Inapplicable ; Inapplicable ; Pass      ; Pass      ; Inapplicable ; Pass         ; Inapplicable ; Inapplicable ; Inapplicable ; Inapplicable ; Pass         ; Inapplicable ; Inapplicable ; Inapplicable ; Inapplicable ; Pass         ; Inapplicable ; Inapplicable ; Inapplicable ; Inapplicable ; Inapplicable ; Inapplicable ;
; rd2[31]            ; Inapplicable ; Inapplicable ; Inapplicable ; Inapplicable ; Inapplicable ; Pass      ; Inapplicable ; Inapplicable ; Pass      ; Pass      ; Inapplicable ; Pass         ; Inapplicable ; Inapplicable ; Inapplicable ; Inapplicable ; Pass         ; Inapplicable ; Inapplicable ; Inapplicable ; Inapplicable ; Pass         ; Inapplicable ; Inapplicable ; Inapplicable ; Inapplicable ; Inapplicable ; Inapplicable ;
; a1[0]              ; Inapplicable ; Inapplicable ; Inapplicable ; Inapplicable ; Inapplicable ; Pass      ; Inapplicable ; Inapplicable ; Pass      ; Pass      ; Inapplicable ; Inapplicable ; Inapplicable ; Inapplicable ; Inapplicable ; Inapplicable ; Inapplicable ; Inapplicable ; Inapplicable ; Inapplicable ; Inapplicable ; Inapplicable ; Inapplicable ; Inapplicable ; Inapplicable ; Inapplicable ; Inapplicable ; Inapplicable ;
; a1[1]              ; Inapplicable ; Inapplicable ; Inapplicable ; Inapplicable ; Inapplicable ; Pass      ; Inapplicable ; Inapplicable ; Pass      ; Pass      ; Inapplicable ; Inapplicable ; Inapplicable ; Inapplicable ; Inapplicable ; Inapplicable ; Inapplicable ; Inapplicable ; Inapplicable ; Inapplicable ; Inapplicable ; Inapplicable ; Inapplicable ; Inapplicable ; Inapplicable ; Inapplicable ; Inapplicable ; Inapplicable ;
; a1[2]              ; Inapplicable ; Inapplicable ; Inapplicable ; Inapplicable ; Inapplicable ; Pass      ; Inapplicable ; Inapplicable ; Pass      ; Pass      ; Inapplicable ; Inapplicable ; Inapplicable ; Inapplicable ; Inapplicable ; Inapplicable ; Inapplicable ; Inapplicable ; Inapplicable ; Inapplicable ; Inapplicable ; Inapplicable ; Inapplicable ; Inapplicable ; Inapplicable ; Inapplicable ; Inapplicable ; Inapplicable ;
; a1[3]              ; Inapplicable ; Inapplicable ; Inapplicable ; Inapplicable ; Inapplicable ; Pass      ; Inapplicable ; Inapplicable ; Pass      ; Pass      ; Inapplicable ; Inapplicable ; Inapplicable ; Inapplicable ; Inapplicable ; Inapplicable ; Inapplicable ; Inapplicable ; Inapplicable ; Inapplicable ; Inapplicable ; Inapplicable ; Inapplicable ; Inapplicable ; Inapplicable ; Inapplicable ; Inapplicable ; Inapplicable ;
; a2[0]              ; Inapplicable ; Inapplicable ; Inapplicable ; Inapplicable ; Inapplicable ; Pass      ; Inapplicable ; Inapplicable ; Pass      ; Pass      ; Inapplicable ; Inapplicable ; Inapplicable ; Inapplicable ; Inapplicable ; Inapplicable ; Inapplicable ; Inapplicable ; Inapplicable ; Inapplicable ; Inapplicable ; Inapplicable ; Inapplicable ; Inapplicable ; Inapplicable ; Inapplicable ; Inapplicable ; Inapplicable ;
; a2[1]              ; Inapplicable ; Inapplicable ; Inapplicable ; Inapplicable ; Inapplicable ; Pass      ; Inapplicable ; Inapplicable ; Pass      ; Pass      ; Inapplicable ; Inapplicable ; Inapplicable ; Inapplicable ; Inapplicable ; Inapplicable ; Inapplicable ; Inapplicable ; Inapplicable ; Inapplicable ; Inapplicable ; Inapplicable ; Inapplicable ; Inapplicable ; Inapplicable ; Inapplicable ; Inapplicable ; Inapplicable ;
; a2[2]              ; Inapplicable ; Inapplicable ; Inapplicable ; Inapplicable ; Inapplicable ; Pass      ; Inapplicable ; Inapplicable ; Pass      ; Pass      ; Inapplicable ; Inapplicable ; Inapplicable ; Inapplicable ; Inapplicable ; Inapplicable ; Inapplicable ; Inapplicable ; Inapplicable ; Inapplicable ; Inapplicable ; Inapplicable ; Inapplicable ; Inapplicable ; Inapplicable ; Inapplicable ; Inapplicable ; Inapplicable ;
; a2[3]              ; Inapplicable ; Inapplicable ; Inapplicable ; Inapplicable ; Inapplicable ; Pass      ; Inapplicable ; Inapplicable ; Pass      ; Pass      ; Inapplicable ; Inapplicable ; Inapplicable ; Inapplicable ; Inapplicable ; Inapplicable ; Inapplicable ; Inapplicable ; Inapplicable ; Inapplicable ; Inapplicable ; Inapplicable ; Inapplicable ; Inapplicable ; Inapplicable ; Inapplicable ; Inapplicable ; Inapplicable ;
; wd3[0]             ; Inapplicable ; Inapplicable ; Inapplicable ; Inapplicable ; Inapplicable ; Pass      ; Inapplicable ; Inapplicable ; Pass      ; Pass      ; Inapplicable ; Inapplicable ; Inapplicable ; Inapplicable ; Inapplicable ; Inapplicable ; Inapplicable ; Inapplicable ; Inapplicable ; Inapplicable ; Inapplicable ; Inapplicable ; Inapplicable ; Inapplicable ; Inapplicable ; Inapplicable ; Inapplicable ; Inapplicable ;
; clk                ; Inapplicable ; Inapplicable ; Inapplicable ; Inapplicable ; Inapplicable ; Pass      ; Inapplicable ; Inapplicable ; Pass      ; Pass      ; Inapplicable ; Inapplicable ; Inapplicable ; Inapplicable ; Inapplicable ; Inapplicable ; Inapplicable ; Inapplicable ; Inapplicable ; Inapplicable ; Inapplicable ; Inapplicable ; Inapplicable ; Inapplicable ; Inapplicable ; Inapplicable ; Inapplicable ; Inapplicable ;
; rst                ; Inapplicable ; Inapplicable ; Inapplicable ; Inapplicable ; Inapplicable ; Pass      ; Inapplicable ; Inapplicable ; Pass      ; Pass      ; Inapplicable ; Inapplicable ; Inapplicable ; Inapplicable ; Inapplicable ; Inapplicable ; Inapplicable ; Inapplicable ; Inapplicable ; Inapplicable ; Inapplicable ; Inapplicable ; Inapplicable ; Inapplicable ; Inapplicable ; Inapplicable ; Inapplicable ; Inapplicable ;
; a3[1]              ; Inapplicable ; Inapplicable ; Inapplicable ; Inapplicable ; Inapplicable ; Pass      ; Inapplicable ; Inapplicable ; Pass      ; Pass      ; Inapplicable ; Inapplicable ; Inapplicable ; Inapplicable ; Inapplicable ; Inapplicable ; Inapplicable ; Inapplicable ; Inapplicable ; Inapplicable ; Inapplicable ; Inapplicable ; Inapplicable ; Inapplicable ; Inapplicable ; Inapplicable ; Inapplicable ; Inapplicable ;
; a3[2]              ; Inapplicable ; Inapplicable ; Inapplicable ; Inapplicable ; Inapplicable ; Pass      ; Inapplicable ; Inapplicable ; Pass      ; Pass      ; Inapplicable ; Inapplicable ; Inapplicable ; Inapplicable ; Inapplicable ; Inapplicable ; Inapplicable ; Inapplicable ; Inapplicable ; Inapplicable ; Inapplicable ; Inapplicable ; Inapplicable ; Inapplicable ; Inapplicable ; Inapplicable ; Inapplicable ; Inapplicable ;
; a3[3]              ; Inapplicable ; Inapplicable ; Inapplicable ; Inapplicable ; Inapplicable ; Pass      ; Inapplicable ; Inapplicable ; Pass      ; Pass      ; Inapplicable ; Inapplicable ; Inapplicable ; Inapplicable ; Inapplicable ; Inapplicable ; Inapplicable ; Inapplicable ; Inapplicable ; Inapplicable ; Inapplicable ; Inapplicable ; Inapplicable ; Inapplicable ; Inapplicable ; Inapplicable ; Inapplicable ; Inapplicable ;
; we3                ; Inapplicable ; Inapplicable ; Inapplicable ; Inapplicable ; Inapplicable ; Pass      ; Inapplicable ; Inapplicable ; Pass      ; Pass      ; Inapplicable ; Inapplicable ; Inapplicable ; Inapplicable ; Inapplicable ; Inapplicable ; Inapplicable ; Inapplicable ; Inapplicable ; Inapplicable ; Inapplicable ; Inapplicable ; Inapplicable ; Inapplicable ; Inapplicable ; Inapplicable ; Inapplicable ; Inapplicable ;
; a3[0]              ; Inapplicable ; Inapplicable ; Inapplicable ; Inapplicable ; Inapplicable ; Pass      ; Inapplicable ; Inapplicable ; Pass      ; Pass      ; Inapplicable ; Inapplicable ; Inapplicable ; Inapplicable ; Inapplicable ; Inapplicable ; Inapplicable ; Inapplicable ; Inapplicable ; Inapplicable ; Inapplicable ; Inapplicable ; Inapplicable ; Inapplicable ; Inapplicable ; Inapplicable ; Inapplicable ; Inapplicable ;
; wd3[1]             ; Inapplicable ; Inapplicable ; Inapplicable ; Inapplicable ; Inapplicable ; Pass      ; Inapplicable ; Inapplicable ; Pass      ; Pass      ; Inapplicable ; Inapplicable ; Inapplicable ; Inapplicable ; Inapplicable ; Inapplicable ; Inapplicable ; Inapplicable ; Inapplicable ; Inapplicable ; Inapplicable ; Inapplicable ; Inapplicable ; Inapplicable ; Inapplicable ; Inapplicable ; Inapplicable ; Inapplicable ;
; wd3[2]             ; Inapplicable ; Inapplicable ; Inapplicable ; Inapplicable ; Inapplicable ; Pass      ; Inapplicable ; Inapplicable ; Pass      ; Pass      ; Inapplicable ; Inapplicable ; Inapplicable ; Inapplicable ; Inapplicable ; Inapplicable ; Inapplicable ; Inapplicable ; Inapplicable ; Inapplicable ; Inapplicable ; Inapplicable ; Inapplicable ; Inapplicable ; Inapplicable ; Inapplicable ; Inapplicable ; Inapplicable ;
; wd3[3]             ; Inapplicable ; Inapplicable ; Inapplicable ; Inapplicable ; Inapplicable ; Pass      ; Inapplicable ; Inapplicable ; Pass      ; Pass      ; Inapplicable ; Inapplicable ; Inapplicable ; Inapplicable ; Inapplicable ; Inapplicable ; Inapplicable ; Inapplicable ; Inapplicable ; Inapplicable ; Inapplicable ; Inapplicable ; Inapplicable ; Inapplicable ; Inapplicable ; Inapplicable ; Inapplicable ; Inapplicable ;
; wd3[4]             ; Inapplicable ; Inapplicable ; Inapplicable ; Inapplicable ; Inapplicable ; Pass      ; Inapplicable ; Inapplicable ; Pass      ; Pass      ; Inapplicable ; Inapplicable ; Inapplicable ; Inapplicable ; Inapplicable ; Inapplicable ; Inapplicable ; Inapplicable ; Inapplicable ; Inapplicable ; Inapplicable ; Inapplicable ; Inapplicable ; Inapplicable ; Inapplicable ; Inapplicable ; Inapplicable ; Inapplicable ;
; wd3[5]             ; Inapplicable ; Inapplicable ; Inapplicable ; Inapplicable ; Inapplicable ; Pass      ; Inapplicable ; Inapplicable ; Pass      ; Pass      ; Inapplicable ; Inapplicable ; Inapplicable ; Inapplicable ; Inapplicable ; Inapplicable ; Inapplicable ; Inapplicable ; Inapplicable ; Inapplicable ; Inapplicable ; Inapplicable ; Inapplicable ; Inapplicable ; Inapplicable ; Inapplicable ; Inapplicable ; Inapplicable ;
; wd3[6]             ; Inapplicable ; Inapplicable ; Inapplicable ; Inapplicable ; Inapplicable ; Pass      ; Inapplicable ; Inapplicable ; Pass      ; Pass      ; Inapplicable ; Inapplicable ; Inapplicable ; Inapplicable ; Inapplicable ; Inapplicable ; Inapplicable ; Inapplicable ; Inapplicable ; Inapplicable ; Inapplicable ; Inapplicable ; Inapplicable ; Inapplicable ; Inapplicable ; Inapplicable ; Inapplicable ; Inapplicable ;
; wd3[7]             ; Inapplicable ; Inapplicable ; Inapplicable ; Inapplicable ; Inapplicable ; Pass      ; Inapplicable ; Inapplicable ; Pass      ; Pass      ; Inapplicable ; Inapplicable ; Inapplicable ; Inapplicable ; Inapplicable ; Inapplicable ; Inapplicable ; Inapplicable ; Inapplicable ; Inapplicable ; Inapplicable ; Inapplicable ; Inapplicable ; Inapplicable ; Inapplicable ; Inapplicable ; Inapplicable ; Inapplicable ;
; wd3[8]             ; Inapplicable ; Inapplicable ; Inapplicable ; Inapplicable ; Inapplicable ; Pass      ; Inapplicable ; Inapplicable ; Pass      ; Pass      ; Inapplicable ; Inapplicable ; Inapplicable ; Inapplicable ; Inapplicable ; Inapplicable ; Inapplicable ; Inapplicable ; Inapplicable ; Inapplicable ; Inapplicable ; Inapplicable ; Inapplicable ; Inapplicable ; Inapplicable ; Inapplicable ; Inapplicable ; Inapplicable ;
; wd3[9]             ; Inapplicable ; Inapplicable ; Inapplicable ; Inapplicable ; Inapplicable ; Pass      ; Inapplicable ; Inapplicable ; Pass      ; Pass      ; Inapplicable ; Inapplicable ; Inapplicable ; Inapplicable ; Inapplicable ; Inapplicable ; Inapplicable ; Inapplicable ; Inapplicable ; Inapplicable ; Inapplicable ; Inapplicable ; Inapplicable ; Inapplicable ; Inapplicable ; Inapplicable ; Inapplicable ; Inapplicable ;
; wd3[10]            ; Inapplicable ; Inapplicable ; Inapplicable ; Inapplicable ; Inapplicable ; Pass      ; Inapplicable ; Inapplicable ; Pass      ; Pass      ; Inapplicable ; Inapplicable ; Inapplicable ; Inapplicable ; Inapplicable ; Inapplicable ; Inapplicable ; Inapplicable ; Inapplicable ; Inapplicable ; Inapplicable ; Inapplicable ; Inapplicable ; Inapplicable ; Inapplicable ; Inapplicable ; Inapplicable ; Inapplicable ;
; wd3[11]            ; Inapplicable ; Inapplicable ; Inapplicable ; Inapplicable ; Inapplicable ; Pass      ; Inapplicable ; Inapplicable ; Pass      ; Pass      ; Inapplicable ; Inapplicable ; Inapplicable ; Inapplicable ; Inapplicable ; Inapplicable ; Inapplicable ; Inapplicable ; Inapplicable ; Inapplicable ; Inapplicable ; Inapplicable ; Inapplicable ; Inapplicable ; Inapplicable ; Inapplicable ; Inapplicable ; Inapplicable ;
; wd3[12]            ; Inapplicable ; Inapplicable ; Inapplicable ; Inapplicable ; Inapplicable ; Pass      ; Inapplicable ; Inapplicable ; Pass      ; Pass      ; Inapplicable ; Inapplicable ; Inapplicable ; Inapplicable ; Inapplicable ; Inapplicable ; Inapplicable ; Inapplicable ; Inapplicable ; Inapplicable ; Inapplicable ; Inapplicable ; Inapplicable ; Inapplicable ; Inapplicable ; Inapplicable ; Inapplicable ; Inapplicable ;
; wd3[13]            ; Inapplicable ; Inapplicable ; Inapplicable ; Inapplicable ; Inapplicable ; Pass      ; Inapplicable ; Inapplicable ; Pass      ; Pass      ; Inapplicable ; Inapplicable ; Inapplicable ; Inapplicable ; Inapplicable ; Inapplicable ; Inapplicable ; Inapplicable ; Inapplicable ; Inapplicable ; Inapplicable ; Inapplicable ; Inapplicable ; Inapplicable ; Inapplicable ; Inapplicable ; Inapplicable ; Inapplicable ;
; wd3[14]            ; Inapplicable ; Inapplicable ; Inapplicable ; Inapplicable ; Inapplicable ; Pass      ; Inapplicable ; Inapplicable ; Pass      ; Pass      ; Inapplicable ; Inapplicable ; Inapplicable ; Inapplicable ; Inapplicable ; Inapplicable ; Inapplicable ; Inapplicable ; Inapplicable ; Inapplicable ; Inapplicable ; Inapplicable ; Inapplicable ; Inapplicable ; Inapplicable ; Inapplicable ; Inapplicable ; Inapplicable ;
; wd3[15]            ; Inapplicable ; Inapplicable ; Inapplicable ; Inapplicable ; Inapplicable ; Pass      ; Inapplicable ; Inapplicable ; Pass      ; Pass      ; Inapplicable ; Inapplicable ; Inapplicable ; Inapplicable ; Inapplicable ; Inapplicable ; Inapplicable ; Inapplicable ; Inapplicable ; Inapplicable ; Inapplicable ; Inapplicable ; Inapplicable ; Inapplicable ; Inapplicable ; Inapplicable ; Inapplicable ; Inapplicable ;
; wd3[16]            ; Inapplicable ; Inapplicable ; Inapplicable ; Inapplicable ; Inapplicable ; Pass      ; Inapplicable ; Inapplicable ; Pass      ; Pass      ; Inapplicable ; Inapplicable ; Inapplicable ; Inapplicable ; Inapplicable ; Inapplicable ; Inapplicable ; Inapplicable ; Inapplicable ; Inapplicable ; Inapplicable ; Inapplicable ; Inapplicable ; Inapplicable ; Inapplicable ; Inapplicable ; Inapplicable ; Inapplicable ;
; wd3[17]            ; Inapplicable ; Inapplicable ; Inapplicable ; Inapplicable ; Inapplicable ; Pass      ; Inapplicable ; Inapplicable ; Pass      ; Pass      ; Inapplicable ; Inapplicable ; Inapplicable ; Inapplicable ; Inapplicable ; Inapplicable ; Inapplicable ; Inapplicable ; Inapplicable ; Inapplicable ; Inapplicable ; Inapplicable ; Inapplicable ; Inapplicable ; Inapplicable ; Inapplicable ; Inapplicable ; Inapplicable ;
; wd3[18]            ; Inapplicable ; Inapplicable ; Inapplicable ; Inapplicable ; Inapplicable ; Pass      ; Inapplicable ; Inapplicable ; Pass      ; Pass      ; Inapplicable ; Inapplicable ; Inapplicable ; Inapplicable ; Inapplicable ; Inapplicable ; Inapplicable ; Inapplicable ; Inapplicable ; Inapplicable ; Inapplicable ; Inapplicable ; Inapplicable ; Inapplicable ; Inapplicable ; Inapplicable ; Inapplicable ; Inapplicable ;
; wd3[19]            ; Inapplicable ; Inapplicable ; Inapplicable ; Inapplicable ; Inapplicable ; Pass      ; Inapplicable ; Inapplicable ; Pass      ; Pass      ; Inapplicable ; Inapplicable ; Inapplicable ; Inapplicable ; Inapplicable ; Inapplicable ; Inapplicable ; Inapplicable ; Inapplicable ; Inapplicable ; Inapplicable ; Inapplicable ; Inapplicable ; Inapplicable ; Inapplicable ; Inapplicable ; Inapplicable ; Inapplicable ;
; wd3[20]            ; Inapplicable ; Inapplicable ; Inapplicable ; Inapplicable ; Inapplicable ; Pass      ; Inapplicable ; Inapplicable ; Pass      ; Pass      ; Inapplicable ; Inapplicable ; Inapplicable ; Inapplicable ; Inapplicable ; Inapplicable ; Inapplicable ; Inapplicable ; Inapplicable ; Inapplicable ; Inapplicable ; Inapplicable ; Inapplicable ; Inapplicable ; Inapplicable ; Inapplicable ; Inapplicable ; Inapplicable ;
; wd3[21]            ; Inapplicable ; Inapplicable ; Inapplicable ; Inapplicable ; Inapplicable ; Pass      ; Inapplicable ; Inapplicable ; Pass      ; Pass      ; Inapplicable ; Inapplicable ; Inapplicable ; Inapplicable ; Inapplicable ; Inapplicable ; Inapplicable ; Inapplicable ; Inapplicable ; Inapplicable ; Inapplicable ; Inapplicable ; Inapplicable ; Inapplicable ; Inapplicable ; Inapplicable ; Inapplicable ; Inapplicable ;
; wd3[22]            ; Inapplicable ; Inapplicable ; Inapplicable ; Inapplicable ; Inapplicable ; Pass      ; Inapplicable ; Inapplicable ; Pass      ; Pass      ; Inapplicable ; Inapplicable ; Inapplicable ; Inapplicable ; Inapplicable ; Inapplicable ; Inapplicable ; Inapplicable ; Inapplicable ; Inapplicable ; Inapplicable ; Inapplicable ; Inapplicable ; Inapplicable ; Inapplicable ; Inapplicable ; Inapplicable ; Inapplicable ;
; wd3[23]            ; Inapplicable ; Inapplicable ; Inapplicable ; Inapplicable ; Inapplicable ; Pass      ; Inapplicable ; Inapplicable ; Pass      ; Pass      ; Inapplicable ; Inapplicable ; Inapplicable ; Inapplicable ; Inapplicable ; Inapplicable ; Inapplicable ; Inapplicable ; Inapplicable ; Inapplicable ; Inapplicable ; Inapplicable ; Inapplicable ; Inapplicable ; Inapplicable ; Inapplicable ; Inapplicable ; Inapplicable ;
; wd3[24]            ; Inapplicable ; Inapplicable ; Inapplicable ; Inapplicable ; Inapplicable ; Pass      ; Inapplicable ; Inapplicable ; Pass      ; Pass      ; Inapplicable ; Inapplicable ; Inapplicable ; Inapplicable ; Inapplicable ; Inapplicable ; Inapplicable ; Inapplicable ; Inapplicable ; Inapplicable ; Inapplicable ; Inapplicable ; Inapplicable ; Inapplicable ; Inapplicable ; Inapplicable ; Inapplicable ; Inapplicable ;
; wd3[25]            ; Inapplicable ; Inapplicable ; Inapplicable ; Inapplicable ; Inapplicable ; Pass      ; Inapplicable ; Inapplicable ; Pass      ; Pass      ; Inapplicable ; Inapplicable ; Inapplicable ; Inapplicable ; Inapplicable ; Inapplicable ; Inapplicable ; Inapplicable ; Inapplicable ; Inapplicable ; Inapplicable ; Inapplicable ; Inapplicable ; Inapplicable ; Inapplicable ; Inapplicable ; Inapplicable ; Inapplicable ;
; wd3[26]            ; Inapplicable ; Inapplicable ; Inapplicable ; Inapplicable ; Inapplicable ; Pass      ; Inapplicable ; Inapplicable ; Pass      ; Pass      ; Inapplicable ; Inapplicable ; Inapplicable ; Inapplicable ; Inapplicable ; Inapplicable ; Inapplicable ; Inapplicable ; Inapplicable ; Inapplicable ; Inapplicable ; Inapplicable ; Inapplicable ; Inapplicable ; Inapplicable ; Inapplicable ; Inapplicable ; Inapplicable ;
; wd3[27]            ; Inapplicable ; Inapplicable ; Inapplicable ; Inapplicable ; Inapplicable ; Pass      ; Inapplicable ; Inapplicable ; Pass      ; Pass      ; Inapplicable ; Inapplicable ; Inapplicable ; Inapplicable ; Inapplicable ; Inapplicable ; Inapplicable ; Inapplicable ; Inapplicable ; Inapplicable ; Inapplicable ; Inapplicable ; Inapplicable ; Inapplicable ; Inapplicable ; Inapplicable ; Inapplicable ; Inapplicable ;
; wd3[28]            ; Inapplicable ; Inapplicable ; Inapplicable ; Inapplicable ; Inapplicable ; Pass      ; Inapplicable ; Inapplicable ; Pass      ; Pass      ; Inapplicable ; Inapplicable ; Inapplicable ; Inapplicable ; Inapplicable ; Inapplicable ; Inapplicable ; Inapplicable ; Inapplicable ; Inapplicable ; Inapplicable ; Inapplicable ; Inapplicable ; Inapplicable ; Inapplicable ; Inapplicable ; Inapplicable ; Inapplicable ;
; wd3[29]            ; Inapplicable ; Inapplicable ; Inapplicable ; Inapplicable ; Inapplicable ; Pass      ; Inapplicable ; Inapplicable ; Pass      ; Pass      ; Inapplicable ; Inapplicable ; Inapplicable ; Inapplicable ; Inapplicable ; Inapplicable ; Inapplicable ; Inapplicable ; Inapplicable ; Inapplicable ; Inapplicable ; Inapplicable ; Inapplicable ; Inapplicable ; Inapplicable ; Inapplicable ; Inapplicable ; Inapplicable ;
; wd3[30]            ; Inapplicable ; Inapplicable ; Inapplicable ; Inapplicable ; Inapplicable ; Pass      ; Inapplicable ; Inapplicable ; Pass      ; Pass      ; Inapplicable ; Inapplicable ; Inapplicable ; Inapplicable ; Inapplicable ; Inapplicable ; Inapplicable ; Inapplicable ; Inapplicable ; Inapplicable ; Inapplicable ; Inapplicable ; Inapplicable ; Inapplicable ; Inapplicable ; Inapplicable ; Inapplicable ; Inapplicable ;
; wd3[31]            ; Inapplicable ; Inapplicable ; Inapplicable ; Inapplicable ; Inapplicable ; Pass      ; Inapplicable ; Inapplicable ; Pass      ; Pass      ; Inapplicable ; Inapplicable ; Inapplicable ; Inapplicable ; Inapplicable ; Inapplicable ; Inapplicable ; Inapplicable ; Inapplicable ; Inapplicable ; Inapplicable ; Inapplicable ; Inapplicable ; Inapplicable ; Inapplicable ; Inapplicable ; Inapplicable ; Inapplicable ;
+--------------------+--------------+--------------+--------------+--------------+--------------+-----------+--------------+--------------+-----------+-----------+--------------+--------------+--------------+--------------+--------------+--------------+--------------+--------------+--------------+--------------+--------------+--------------+--------------+--------------+--------------+--------------+--------------+--------------+


+------------------------------------------------------------------------------------------------+
; Fitter Device Options                                                                          ;
+------------------------------------------------------------------+-----------------------------+
; Option                                                           ; Setting                     ;
+------------------------------------------------------------------+-----------------------------+
; Enable user-supplied start-up clock (CLKUSR)                     ; Off                         ;
; Enable device-wide reset (DEV_CLRn)                              ; Off                         ;
; Enable device-wide output enable (DEV_OE)                        ; Off                         ;
; Enable INIT_DONE output                                          ; Off                         ;
; Configuration scheme                                             ; Passive Serial              ;
; Enable Error Detection CRC_ERROR pin                             ; Off                         ;
; Enable CvP_CONFDONE pin                                          ; Off                         ;
; Enable open drain on CRC_ERROR pin                               ; On                          ;
; Enable open drain on CvP_CONFDONE pin                            ; On                          ;
; Enable open drain on INIT_DONE pin                               ; On                          ;
; Enable open drain on Partial Reconfiguration pins                ; Off                         ;
; Enable open drain on nCEO pin                                    ; On                          ;
; Enable Partial Reconfiguration pins                              ; Off                         ;
; Enable input tri-state on active configuration pins in user mode ; Off                         ;
; Enable internal scrubbing                                        ; Off                         ;
; Active Serial clock source                                       ; 100 MHz Internal Oscillator ;
; Device initialization clock source                               ; Internal Oscillator         ;
; Configuration via Protocol                                       ; Off                         ;
; Configuration Voltage Level                                      ; Auto                        ;
; Force Configuration Voltage Level                                ; Off                         ;
; Enable nCEO output                                               ; Off                         ;
; Data[15..8]                                                      ; Unreserved                  ;
; Data[7..5]                                                       ; Unreserved                  ;
; Base pin-out file on sameframe device                            ; Off                         ;
+------------------------------------------------------------------+-----------------------------+


+------------------------------------+
; Operating Settings and Conditions  ;
+---------------------------+--------+
; Setting                   ; Value  ;
+---------------------------+--------+
; Nominal Core Voltage      ; 1.10 V ;
; Low Junction Temperature  ; 0 °C   ;
; High Junction Temperature ; 85 °C  ;
+---------------------------+--------+


+-----------------+
; Fitter Messages ;
+-----------------+
Warning (18236): Number of processors has not been specified which may cause overloading on shared machines.  Set the global assignment NUM_PARALLEL_PROCESSORS in your QSF to an appropriate value for best performance.
Info (20030): Parallel compilation is enabled and will use 10 of the 10 processors detected
Info (119006): Selected device 5CGXFC7C7F23C8 for design "pipeline"
Info (21077): Low junction temperature is 0 degrees C
Info (21077): High junction temperature is 85 degrees C
Info (171003): Fitter is performing an Auto Fit compilation, which may decrease Fitter effort to reduce compilation time
Warning (292013): Feature LogicLock is only available with a valid subscription license. You can purchase a software subscription to gain full access to this feature.
Warning (15714): Some pins have incomplete I/O assignments. Refer to the I/O Assignment Warnings report for details
Critical Warning (169085): No exact pin location assignment(s) for 143 pins of 143 total pins. For the list of pins please refer to the I/O Assignment Warnings table in the fitter report.
Info (184020): Starting Fitter periphery placement operations
Info (11191): Automatically promoted 2 clocks (2 global)
    Info (11162): clk~inputCLKENA0 with 512 fanout uses global clock CLKCTRL_G10
    Info (11162): rst~inputCLKENA0 with 512 fanout uses global clock CLKCTRL_G8
Info (184021): Fitter periphery placement operations ending: elapsed time is 00:00:00
Info (176233): Starting register packing
Critical Warning (332012): Synopsys Design Constraints File file not found: 'pipeline.sdc'. A Synopsys Design Constraints File is required by the Timing Analyzer to get proper timing constraints. Without it, the Compiler will not properly optimize the design.
Info (332144): No user constrained base clocks found in the design
Info (332143): No user constrained clock uncertainty found in the design. Calling "derive_clock_uncertainty"
Info (332154): The derive_clock_uncertainty command did not apply clock uncertainty to any clock-to-clock transfers.
Info (332130): Timing requirements not specified -- quality metrics such as performance may be sacrificed to reduce compilation time.
Info (176235): Finished register packing
    Extra Info (176219): No registers were packed into other blocks
Info (11798): Fitter preparation operations ending: elapsed time is 00:00:15
Info (170189): Fitter placement preparation operations beginning
Info (14951): The Fitter is using Advanced Physical Optimization.
Info (170190): Fitter placement preparation operations ending: elapsed time is 00:00:32
Info (170191): Fitter placement operations beginning
Info (170137): Fitter placement was successful
Info (170192): Fitter placement operations ending: elapsed time is 00:00:02
Info (170193): Fitter routing operations beginning
Info (170195): Router estimated average interconnect usage is 0% of the available device resources
    Info (170196): Router estimated peak interconnect usage is 8% of the available device resources in the region that extends from location X33_Y0 to location X44_Y10
Info (170199): The Fitter performed an Auto Fit compilation.  Optimizations were skipped to reduce compilation time.
    Info (170201): Optimizations that may affect the design's routability were skipped
    Info (170200): Optimizations that may affect the design's timing were skipped
Info (170194): Fitter routing operations ending: elapsed time is 00:00:03
Info (11888): Total time spent on timing analysis during the Fitter is 0.87 seconds.
Info (334003): Started post-fitting delay annotation
Info (334004): Delay annotation completed successfully
Info (334003): Started post-fitting delay annotation
Info (334004): Delay annotation completed successfully
Info (11801): Fitter post-fit operations ending: elapsed time is 00:00:08
Info (144001): Generated suppressed messages file C:/Users/josea/Documents/SystemVerilog/crodriguez_jarroyo_nvargas_digital_design_lab_2024/Proyecto/output_files/pipeline.fit.smsg
Info: Quartus Prime Fitter was successful. 0 errors, 5 warnings
    Info: Peak virtual memory: 7247 megabytes
    Info: Processing ended: Tue Nov 05 20:02:12 2024
    Info: Elapsed time: 00:02:29
    Info: Total CPU time (on all processors): 00:02:48


+----------------------------+
; Fitter Suppressed Messages ;
+----------------------------+
The suppressed messages can be found in C:/Users/josea/Documents/SystemVerilog/crodriguez_jarroyo_nvargas_digital_design_lab_2024/Proyecto/output_files/pipeline.fit.smsg.


